"FID","FClassTypeID","FPage","FCaption_CHS","FCaption_CHT","FCaption_EN","FKey","FFieldName","FTableName","FTableNameAs","FListIndex","FListClassName","FVisible","FEnable","FNeedSave","FMustInput","FCtlType","FProperty","FLookUpType","FLookUpClassID","FLookUpList","FSRCFieldName","FSRCTableName","FSRCTableNameAs","FDSPFieldName","FFNDFieldName","FValueLocation","FFilter","FFilterGroup","FValueType","FDspColType","FEditlen","FValuePrecision","FSaveRule","FDefValue","FAction","FUserDefine","FNote","FKeyWord","FLeft","FTop","FHeight","FWidth","FCondition","FTabIndex","FLock","FSum","FPrec","FScale","FLayer","FLoadAction","FUnControl","FFont","FSourceType","FSubKey","FParentKey","FConditionExt","FFrameBorder","FFrameBorderColor","FLabelWidth","FLabelColor","FTextColor","FIsF7","FContainer","FStyle"
"13986","1007006","2","金额","金額","Amount","FAmount","FAmount","PORFQEntry",,"64","0","2060","0","true","false","2","FCurrencyID","0","0","Min=0",,,,,,"1",,,"106","6","28","13",,,"Calculate{FAuxPriceIncludeTax=FAmount*(1+FCess/100)/FAuxQty/(1-FDescount/100)}|Calculate{FAuxPrice=FAuxPriceIncludeTax/(1+FCess/100)}|Calculate{FAuxTaxPriceDiscount=FAuxPriceIncludeTax*(1-FDescount/100)}|Calculate{FDiscountAmt=FAuxQty*FAuxPriceIncludeTax*FDescount/100}:{@SysProfileDisCountIncludeTax=1}|Calculate{FDiscountAmt=FAuxQty*FAuxPriceIncludeTax/(100+FCess)*FDescount}:{@SysProfileDisCountIncludeTax=0}|Calculate{FTaxAmount=FAuxQty*FAuxPriceIncludeTax*(1-FDescount/100)/(1+FCess/100)*FCess/100}:{FCess>0}|Calculate{FAmountIncludeTax=FAmount+FTaxAmount}|Calculate{FPrice=FAuxPriceIncludeTax/(1+FCess/100)/FUnitID.FCoefficient}","false",,"AMOUNT","0","0","350","1260","1,13","23","24","true","28","2","0",,"13842",,"0",,,"0","2","0","0","0","0","0",,"0"
"13994","1007006","2","价税合计","價稅合計","Total Amt after Disc and Taxes","FAmountIncludeTax","FAmountIncludeTax","PORFQEntry",,"75","0","12","0","true","false","2","FCurrencyID","0","0",,,,,,,"1",,,"106","6","13","13",,,,"false",,"AMOUNT","0","0","350","930","1,13","34","-1","true","13","2","0",,"8720",,"0",,,"0","2","0","0","0","0","0",,"0"
"13995","1007006","2","辅助属性类别","輔助屬性類別","Auxiliary Property Type","FAuxClassID","FItemID","PORFQEntry",,"81","0","12","0","false","false","1",,"0","4",,"FItemID","t_ICItem",,"FAuxClassID",,"3",,,"167","500","255","0",,,,"false",,,"0","0","0","645","0","40","-1","false","0","0","0",,"8240",,"2",,,"0","2","0","0","0","0","0",,"0"
"13984","1007006","2","单价","單價","Unit Price","FAuxPrice","FAuxPrice","PORFQEntry",,"58","0","4095","0","true","true","2","FUnitID","0","0",,,,,,,"1",,,"106","4","13","13","Vertify{FAuxPrice<>0,CHS=单价不能等于零!@CHT=單價不能等於零!@EN=Unit Price can not be 0 !@,0}",,"Calculate{FDecimal21=FCustID.F_123}|Calculate{FAuxPriceIncludeTax=FAuxPrice*(1+FCess/100)}|Calculate{FDecimal9=FDecimal7*FDecimal17/100*FDecimal22/365
}|Calculate{FDecimal23=FDecimal3+FDecimal7+FDecimal9+FDecimal21}|Calculate{FDescount=100-100*FDecimal23/(1-FDecimal18/100)*(1+FCess/100)/(1-FDecimal5/100)/(1-FDecimal6/100)/FAuxPriceIncludeTax/FDecimal4}|Calculate{FAuxTaxPriceDiscount=FAuxPriceIncludeTax*(1-FDescount/100)}|Calculate{FAmount=FAuxQty*FAuxPriceIncludeTax*(1-FDescount/100)/(1+FCess/100)}|Calculate{FDiscountAmt=FAuxQty*FAuxPriceIncludeTax*FDescount/100}:{@SysProfileDisCountIncludeTax=1}|Calculate{FDiscountAmt=FAuxQty*FAuxPriceIncludeTax/(100+FCess)*FDescount}:{@SysProfileDisCountIncludeTax=0}|Calculate{FTaxAmount=FAuxQty*FAuxPriceIncludeTax*(1-FDescount/100)/(1+FCess/100)*FCess/100}:{FCess>0}|Calculate{FAmountIncludeTax=FAmount+FTaxAmount}|Calculate{FPrice=FAuxPrice/FUnitID.FCoefficient}|Calculate{FDecimal10=FAuxPriceIncludeTax*FDecimal4*(1-FDecimal6/100)*(1-FDecimal5/100)/(1+FCess/100)-FDecimal23
}|Calculate{FDecimal11=100-100*FDecimal23*(1+FCess/100)/(FAuxPriceIncludeTax*(1-FDecimal6/100)*(1-FDecimal5/100)*FDecimal4)}|TrigAction{FDecimal12}","false",,"PRICE","0","0","350","930","1,13","17","24","false","13","10","0",,"13842",,"0",,,"0","2","0","0","0","0","0",,"0"
"13985","1007006","2","含税单价","含稅單價","Unit Price after Tax","FAuxPriceIncludeTax","FAuxPriceIncludeTax","PORFQEntry",,"61","0","4095","0","true","true","2","FUnitID","0","0",,,,,,,"1",,,"106","4","13","13",,,"Calculate{FAuxPrice=FAuxPriceIncludeTax/(1+FCess/100)}|Calculate{FDecimal9=FDecimal7*FDecimal17/100*FDecimal22/365
}|Calculate{FDescount=100-100*FDecimal23/(1-FDecimal18/100)*(1+FCess/100)/(1-FDecimal5/100)/(1-FDecimal6/100)/FAuxPriceIncludeTax/FDecimal4
}|Calculate{FAuxTaxPriceDiscount=FAuxPriceIncludeTax*(1-FDescount/100)}|Calculate{FAmount=FAuxQty*FAuxPriceIncludeTax*(1-FDescount/100)/(1+FCess/100)}|Calculate{FDiscountAmt=FAuxQty*FAuxPriceIncludeTax*FDescount/100}:{@SysProfileDisCountIncludeTax=1}|Calculate{FDiscountAmt=FAuxQty*FAuxPriceIncludeTax/(100+FCess)*FDescount}:{@SysProfileDisCountIncludeTax=0}|Calculate{FTaxAmount=FAuxQty*FAuxPriceIncludeTax*(1-FDescount/100)/(1+FCess/100)*FCess/100}:{FCess>0}|Calculate{FAmountIncludeTax=FAmount+FTaxAmount}|Calculate{FPrice=FAuxPriceIncludeTax/(1+FCess/100)/FUnitID.FCoefficient}|Calculate{FDecimal10=FAuxPriceIncludeTax*FDecimal4*(1-FDecimal6/100)*(1-FDecimal5/100)/(1+FCess/100)-FDecimal23}|Calculate{FDecimal11=100-100*FDecimal23*(1+FCess/100)/(FAuxPriceIncludeTax*(1-FDecimal6/100)*(1-FDecimal5/100)*FDecimal4)
}|TrigAction{FDecimal12}","false",,"PRICE","0","0","350","885","1,13","20","24","false","13","10","0",,"12818",,"0",,,"0","2","0","0","0","0","0",,"0"
"13976","1007006","2","辅助属性","輔助屬性","Auxiliary Property","FAuxPropID","FAuxPropID","PORFQEntry",,"53","0","3071","0","true","false","1","FItemNumber","17","1",,"FItemID","t_AuxItem",,"FName","FNumber","1",,,"56","500","255","4",,,,"false",,,"5158","7738","346","795","0","12","20","false","0","10","0",,"12817",,"1",,,"0","2","0","0","0","0","0",,"0"
"13983","1007006","2","数量","數量","Qty","FAuxQty","FAuxQty","PORFQEntry",,"55","0","4095","0","true","true","2","FUnitID","0","0",,,,,,,"1",,,"106","2","13","13","Vertify{FAuxQty>0,CHS=产品的数量必须大于零。@CHT=產品的數量必須大于零。@EN=the Quantity of Product must be more than zero.@,0}",,"Calculate{FQty=FAuxQty*FUnitID.FCoefficient}|Calculate{FDecimal21=FCustID.F_123}|TrigAction{FDecimal15,FDecimal16}|Calculate{FAmount=FAuxQty*FAuxPriceIncludeTax*(1-FDescount/100)/(1+FCess/100)}|Calculate{FDiscountAmt=FAuxQty*FAuxPriceIncludeTax*FDescount/100}:{@SysProfileDisCountIncludeTax=1}|Calculate{FDiscountAmt=FAuxQty*FAuxPriceIncludeTax/(100+FCess)*FDescount}:{@SysProfileDisCountIncludeTax=0}|Calculate{FTaxAmount=FAuxQty*FAuxPriceIncludeTax*(1-FDescount/100)/(1+FCess/100)*FCess/100}:{FCess>0}|Calculate{FAmountIncludeTax=FAmount+FTaxAmount}","false",,"QTY","0","0","350","975","1,13","14","24","true","13","10","0",,"13842",,"0",,,"0","2","0","0","0","0","0",,"0"
"13987","1007006","2","数量段(从)","數量段(從)","Qty Segment (from)","FAuxQtyFrom","FAuxQtyFrom","PORFQEntry",,"77","0","12","0","true","false","2","FUnitID","0","0",,,,,,,"1",,,"106","2","13","13",,,"Calculate{FQtyFrom=FAuxQtyFrom*FUnitID.FCoefficient}","false",,"QTY","0","0","350","975","1,13","36","20","true","13","10","0",,"12818",,"0",,,"0","2","0","0","0","0","0",,"0"
"13989","1007006","2","数量段(到)","數量段(到)","Qty to","FAuxQtyTo","FAuxQtyTo","PORFQEntry",,"78","0","12","0","true","false","2","FUnitID","0","0",,,,,,,"1",,,"106","2","13","13",,,"Calculate{FQtyTo=FAuxQtyTo*FUnitID.FCoefficient}","false",,"QTY","0","0","350","945","1,13","37","20","true","13","10","0",,"12818",,"0",,,"0","2","0","0","0","0","0",,"0"
"13992","1007006","2","实际含税单价","實際含稅單價","Actual Unit Price after Tax","FAuxTaxPriceDiscount","FAuxTaxPriceDiscount","PORFQEntry",,"74","0","4095","0","true","false","2","FUnitID","0","0",,,,,,,"1",,,"106","4","13","13",,,,"false",,"PRICE","0","0","350","825","1,13","33","-1","false","13","10","0",,"8723",,"0",,,"0","2","0","0","0","0","0",,"0"
"22573","1007006","2","价格类型","价格类型","Price Type","FBase","FPriceType","PORFQEntry",,"82","2","2047","0","true","false","1",,"1","3029",,"FItemID","t_Item_3029","t_Item_30292","FName","FNumber","1",,"0","56","500","255","4",,,"TakeBaseData{FBaseProperty3,FDecimal1=F_106,FDecimal2=F_103}:{ME.F_109=FCustID.F_125}|Calculate{FDecimal3=FDecimal2*FDecimal/(1+ME.F_106)}:{ME.F_105=207266}|Calculate{FDecimal3=FDecimal2*FDecimal*100000/12000/(1+ME.F_106)
}:{ME.F_105=125}|TrigAction{FAuxPrice}","true",,,"5158","7738","346","1200","0","41","24","false","0","10","0",,"25617","FontName=宋体|FontSize=9|FontBold=True|FontItalic=True|","1",,,"0","2","0","0","0","0","0",,"0"
"22704","1007006","1","包装方式","包装方式","包装方式","FBase1","FPackBase","PORFQ",,"29","2","2047","0","true","true","1",,"2","10014",,"FInterID","t_SubMessage","t_SubMessage1","FName","FID","1",,"0","56","500","255","4",,"公司标准|BZ01",,"true",,,"105","2234","375","2835","0","49","24","false","0","10","0",,"24593",,"1",,,"0","2","0","0","0","0","0",,"0"
"23051","1007006","1","出货条件","出货条件","出货条件","FBase2","FShipmentCondition","PORFQ",,"30","2","2047","0","true","true","1",,"2","10021",,"FInterID","t_SubMessage","t_SubMessage2","FName","FID","1",,"0","56","10","10","4",,"整柜 BY FCL,40HQ/GP,45HQ/GP|OUT005",,"true",,,"105","1833","375","2835","0","50","24","false","0","10","0",,"24593","FontName=宋体|FontSize=9|FontBold=True|FontItalic=True|","1",,,"0","2","3030930","1200","3030930","0","0",,"0"
"26342","1007006","1","报价汇率类型","匯率類型1","Exchange Rate Type1","FBase3","FquoteExRateType","PORFQ",,"39","2","2047","0","true","true","1",,"3","1014001",,"FID","v_BASE_ExRateTypeEntry",,"FName","FNumber","1",,"0","56","10","10","4",,"预算汇率|04","BOSSer_GetExRateEx{FBase3,FCurrencyID,FDate,FDecimal4}","true",,,"6535","1832","375","2835","0","63","-1","false","0","10","0",,"24593","FontName=宋体|FontSize=9|FontBold=False|FontItalic=True|","1",,,"0","2","10485760","0","10485760","0","0",,"0"
"26336","1007006","1","贷款年利率","基礎資料","Master Data","FBase4","FBaseRateLendYear","PORFQ",,"36","2","205","0","true","true","1",,"1","3015",,"FItemID","t_Item_3015",,"FName","FNumber","1",,"0","56","10","10","4",,"贷款年利率|K13","Calculate{FDecimal17=ME.F_101*100}","true",,,"9810","629","375","2835","0","60","-1","false","0","10","0",,"24593","FontName=宋体|FontSize=9|FontBold=False|FontItalic=True|","1",,,"0","2","16711680","0","16711680","0","0",,"0"
"22705","1007006","2","芯体颜色标准","芯体颜色标准","芯体颜色标准","FBaseProperty","FItemID","PORFQEntry",,"52","0","2047","0","false","false","1",,"0","4",,"FItemID","t_ICItem",,"F_135",,"3",,,"167","500","255","0",,,,"true",,,"0","0","0","675","0","11","-1","false","0","0","0",,"24631",,"2",,,"0","2","0","0","0","0","0",,"0"
"23919","1007006","2","适用车型","适用车型","Master Data Property","FBaseProperty1","FItemID","PORFQEntry",,"51","0","2047","0","false","false","1",,"0","4",,"FItemID","t_ICItem",,"F_161",,"3",,,"167","500","255","0",,,,"true",,,"0","0","0","1305","0","10","-1","false","0","0","0",,"24631",,"2",,,"0","2","0","0","0","0","0",,"0"
"24591","1007006","1","客户代码","客户代码","Master Data Property1","FBaseProperty2","FCustID","PORFQ",,"31","0","2047","0","false","false","1",,"0","1",,"FItemID","t_Organization",,"FNumber",,"3",,,"167","500","255","0",,,,"true",,,"105","1432","375","2835","0","51","-1","false","0","0","0",,"24631",,"2",,,"0","2","0","1000","0","0","0",,"0"
"26220","1007006","2","运费计量单位","基礎資料屬性","Master Data Property2","FBaseProperty3","FPriceType","PORFQEntry",,"96","0","2047","0","false","false","1",,"0","3029",,"FItemID","t_Item_3029","t_Item_30292","F_105",,"3",,,"167","500","255","0",,,,"true",,,"0","0","0","1230","0","56","-1","false","0","0","0",,"24631","FontName=宋体|FontSize=9|FontBold=False|FontItalic=True|","2",,,"0","2","0","0","0","0","0",,"0"
"13977","1007006","2","基本单位名称","基本單位名稱","BUoM","FBaseUnit","FItemID","PORFQEntry",,"56","0","2047","0","false","false","1",,"0","4",,"FItemID","t_ICItem",,"FUnitID",,"3",,,"167","500","255","0",,,,"false",,,"0","0","0","630","0","15","-1","false","0","0","0",,"8240",,"2",,,"0","2","0","0","0","0","0",,"0"
"13963","1007006","1","制单人","制單人","Prep. by","FBiller","FBillerID","PORFQ",,"16","2","3071","-1","true","false","1",,"7","9",,"FUserID","t_User","t_User1","FName","FName","1",,,"56","500","255","4",,,,"false",,"USER","10565","7305","375","1620","9,14,15","15","-1","false","0","10","0",,"8194",,"8",,,"0","2","0","750","0","0","0",,"0"
"13948","1007006","1","单据编号","單據編號","Doc No.","FBillNo","FBillNo","PORFQ",,"0","2","4095","0","true","true","1",,"0","0",,,,,,,"1",,,"167","500","30","30",,,,"false",,"BILLNO","105","630","375","2835","0","0","20","false","0","0","0",,"9731",,"3",,,"0","2","0","1000","0","0","0",,"0"
"13998","1007006","2","源单编号","源單編號","Source Doc No.","FBillNo_SRC","FSourceBillNo","PORFQEntry",,"110","0","3071","0","true","false","1","FID_SRC","12","0",,,,,,,"1",,,"231","500","510","510",,,,"false",,"SRCBILLNO","0","0","350","1125","0","70","-1","false","0","0","0",,"8224",,"0",,,"0","0","0","0","0","0","0",,"0"
"13966","1007006","1","分支机构代码","分支機搆代碼","Branch Code","FBrNo","FBrNo","PORFQ",,"25","2","12","0","true","false","1",,"0","0",,,,,,,"1",,,"167","500","10","10",,"0",,"false",,,"125","45","350","100","0,13","40","20","false","0","0","0",,"12304",,"0",,,"0","2","0","0","0","0","0",,"0"
"14008","1007006","2","分支机构代码","分支機搆代碼","Branch Code","FBrNo2","FBrNo","PORFQEntry",,"93","0","12","0","true","false","1",,"0","0",,,,,"FName",,"1",,,"167","500","10","10",,"0",,"false",,,"0","0","350","690","0,13","52","20","false","0","0","0",,"12304",,"0",,,"0","2","0","0","0","0","0",,"0"
"13965","1007006","1","作废标志","作廢標誌","Void Flag","FCancellation","FCancellation","PORFQ",,"24","2","782","0","true","false","8",,"0","0","VALUELIST{True=Y}",,,,,,"1",,,"104","500","1","1",,,,"false",,,"75","75","315","100","5","39","-1","false","1","0","0",,"8226",,"9",,,"1000013","2","0","0","0","0","0",,"0"
"13988","1007006","2","税率(%)","稅率(%)","Tax Rate (%)","FCess","FCess","PORFQEntry",,"60","0","3071","0","true","false","2",,"0","0","Min=0 | Max=100",,,,,,"1",,,"106","9","13","13",,,"Calculate{FAuxPrice=FAuxPriceIncludeTax/(1+FCess/100)}:{@SysProfileIsTaxInPrc=1}|Calculate{FAuxPriceIncludeTax=FAuxPrice*(1+FCess/100)}:{@SysProfileIsTaxInPrc=0}|Calculate{FAuxTaxPriceDiscount=FAuxPriceIncludeTax*(1-FDescount/100)}|Calculate{FPrice=FAuxPriceIncludeTax/(1+FCess/100)/FUnitID.FCoefficient}|Calculate{FAmount=FAuxQty*FAuxPriceIncludeTax*(1-FDescount/100)/(1+FCess/100)}|Calculate{FTaxAmount=FAuxQty*FAuxPriceIncludeTax*(1-FDescount/100)/(1+FCess/100)*FCess/100}:{FCess>0}|Calculate{FAmountIncludeTax=FAmount+FTaxAmount}","false",,,"0","0","350","705","1,13","19","20","false","13","2","0",,"12818","FontName=宋体|FontSize=9|FontBold=True|FontItalic=True|","0",,,"0","2","0","0","0","0","0",,"0"
"14681","1007006","1","变更原因","變更原因","Reason for Change","FChangeCauses","FChangeCauses","PORFQ",,"19","2","3071","0","true","false","1",,"0","0",,,,,,,"0",,,"231","500","255","255",,,,"false",,,"13030","1431","375","2835","0,13","18","20","false","0","0","0",,"12289",,"0",,,"0","2","0","1000","0","0","0",,"0"
"14682","1007006","1","变更日期","變更日期","Change Date","FChangeDate","FChangeDate","PORFQ",,"18","2","3071","0","true","false","0",,"0","0",,,,,,,"1",,,"61","0","8","8",,,,"false",,,"13030","1030","375","2835","2,13","17","-1","false","3","23","0",,"8193",,"0",,,"0","2","0","1200","0","0","0",,"0"
"14683","1007006","1","变更标志","變更標誌","Change Flag","FChangeMark","FChangeMark","PORFQ",,"28","2","12","0","true","false","1",,"0","0",,,,,"FName",,"1",,,"231","500","10","10",,,,"false",,,"13060","1800","375","2835","0,13","44","-1","false","0","0","0",,"8192",,"0",,,"0","2","0","0","0","0","0",,"0"
"14684","1007006","1","变更人","變更人","Changed by","FChangeUser","FChangeUser","PORFQ",,"20","2","3071","1","true","false","1",,"7","9",,"FUserID","t_User","t_User2","FName","FName","1",,,"56","500","255","4",,"0",,"false",,,"13030","629","375","2835","9,14,15","19","-1","false","0","6","0",,"8193",,"4",,,"0","2","0","1000","0","0","0",,"0"
"13958","1007006","1","审核日期","審核日期","Approval Date","FCheckDate","FCheckDate","PORFQ",,"11","2","3071","0","true","false","0",,"0","0",,,,,,,"1",,,"61","0","8","8",,,,"false",,,"2197","7305","375","1620","2,13","11","-1","false","3","23","0",,"8194",,"0",,,"0","2","0","1000","0","0","0",,"0"
"13957","1007006","1","审核","審核","Approve","FCheckerID","FCheckerID","PORFQ",,"10","2","3071","1","true","false","1",,"7","9",,"FUserID","t_User",,"FName","fname","1",,,"56","500","255","4",,,,"false",,,"105","7305","375","1620","9,14,15","10","-1","false","0","6","0",,"8195",,"4",,,"1000000","2","0","750","0","0","0",,"0"
"13997","1007006","2","源单类型","源單類型","Source Doc Type","FClassID_SRC","FSourceTranType","PORFQEntry",,"109","0","3071","0","true","false","8","FID_SRC","11","1",,"FID","ICClassType","ICClassType1","FName","FName","1",,,"56","500","255","4",,,,"false",,"SRCCLASSTYPE","0","0","350","1080","11","69","-1","false","0","10","0",,"8224",,"0",,,"0","0","0","0","0","0","0",,"0"
"13959","1007006","1","事务类型","事務類型","Tran.Type","FClassTypeID","FClassTypeID","PORFQ",,"12","2","0","1","true","false","1",,"0","0",,"FID","ICClassType",,"FName","FName","1",,,"56","500","255","4",,,,"false",,"CLASSTYPEID","240","120","405","2535","-1","11","16","false","0","0","0",,"12289",,"0",,,"0","2","0","0","0","0","0",,"0"
"22574","1007006","2","价格政策","价格政策","Price System","FComboBox","FPriceSystemID","PORFQEntry",,"83","2","2047","0","true","false","8",,"0","9999","SQL{ SELECT FInterID,FName  FROM ICPrcPly}","FInterID","ICPrcPly",,"FName",,"1",,,"231","500","255","255",,,,"true",,,"120","1695","350","1185","5","42","24","false","0","0","0",,"24631",,"9",,,"0","2","0","0","0","0","0",,"0"
"19886","1007006","1","制单来源","制單來源","Preparation Source","FCreateFrom","FCreateFrom","PORFQ",,"26","2","12","0","true","false","8",,"0","0","VALUELIST{1=CRM,0=GUI}",,,,,,"1",,,"231","500","255","255",,"0",,"false",,,"570","8115","240","1800","5","40","16","false","0","0","0",,"24583",,"9",,,"0","2","0","0","0","0","0",,"0"
"13953","1007006","1","币别","幣別","Currency","FCurrencyID","FCurrencyID","PORFQ",,"5","2","4095","0","true","true","1",,"5","120",,"FCurrencyID","t_Currency",,"FName","FNumber","1",,"0","56","500","255","4",,,"TrigAction{FDecimal15,FDecimal16,FBase3}","false",,,"3294","1832","375","2835","0","5","20","false","0","10","0","LockField{FCurrencyID=1,FExchangeRate=1,FExchangeRate=0,ClearFieldValue=0}","13843",,"1",,,"0","2","0","1000","0","0","0",,"0"
"13950","1007006","1","购货单位","購貨單位","Customer","FCustID","FCustID","PORFQ",,"2","2","4095","0","true","true","1",,"1","1",,"FItemID","t_Organization",,"FName","FNumber","1",,"0","56","500","255","4",,,"TakeBaseData{FCURRENCYID=FCYID,FBASEPROPERTY2,FBaseProperty4}:{ME.FCyID<>0}|TakeBaseData{FPAYCONDITION=FPAYCONDITION,FDECIMAL8=F_116,FDECIMAL22=F_122,FDECIMAL6=F_115,FDECIMAL5=F_121,FBASE2=F_125}|TakeBaseData{FDEPTID=FDEPARTMENT,FEMPID=FEMPLOYEE}","false",,,"105","1031","375","2835","0","2","20","false","0","10","0",,"13843",,"1",,,"0","2","0","1000","0","0","0",,"0"
"14005","1007006","2","客户物料名称","客戶物料名稱","Customer Material Name","FCustMtrlName","FCustMtrlName","PORFQEntry",,"90","0","12","0","true","false","1",,"0","0",,,,,"FName",,"1",,,"231","500","255","255",,,,"false",,,"0","0","350","1140","0,13","49","20","false","0","0","0",,"12306",,"0",,,"0","2","0","0","0","0","0",,"0"
"14006","1007006","2","客户物料图号","客戶物料圖號","Customer Drawing No.","FCustMtrlNo","FCustMtrlNo","PORFQEntry",,"91","0","12","0","true","false","1",,"0","0",,,,,"FName",,"1",,,"231","500","255","255",,,,"false",,,"0","0","350","1170","0,13","50","20","false","0","0","0",,"12306",,"0",,,"0","2","0","0","0","0","0",,"0"
"13949","1007006","1","日期","日期","Date","FDate","FDate","PORFQ",,"1","2","4095","0","true","true","0",,"0","0",,,,,,,"1",,,"61","0","8","8",,,,"false",,,"12552","7305","375","2505","2,13","1","20","false","3","23","0",,"13826",,"0",,,"0","2","0","1000","0","0","0",,"0"
"22577","1007006","2","生效日期","生效日期","FBegDate","FDate1","FBegDate","PORFQEntry",,"79","2","2047","0","true","true","0",,"0","0",,,,,,,"1",,,"61","0","8","8",,,,"true",,,"0","0","350","1365","2,13","38","24","false","3","23","0",,"24577","FontName=宋体|FontSize=9|FontBold=True|FontItalic=True|","0",,,"0","2","0","0","0","0","0",,"0"
"22578","1007006","2","失效日期","失效日期","FEndDate","FDate2","FEndDate","PORFQEntry",,"80","2","2047","0","true","true","0",,"0","0",,,,,,,"1",,,"61","0","8","8",,,,"true",,,"0","0","350","1215","2,13","39","24","false","3","23","0",,"24577","FontName=宋体|FontSize=9|FontBold=True|FontItalic=True|","0",,,"0","2","0","0","0","0","0",,"0"
"26212","1007006","2","体积","小數","Decimal","FDecimal","Fsize","PORFQEntry",,"97","2","2047","0","true","false","2",,"0","0","Min=0 | Max=9999999999999.9999999999",,,,,,"1",,,"106","9","20","13",,,,"true",,,"0","0","350","885","1,13","57","24","false","28","4","0",,"24593","FontName=宋体|FontSize=9|FontBold=False|FontItalic=True|","0",,,"0","2","0","0","0","0","0",,"0"
"26221","1007006","2","运费税率","小數1","Decimal1","FDecimal1","Ftranrate","PORFQEntry",,"98","2","2047","0","true","false","2",,"0","0","Min=0 | Max=9999999999999.9999999999",,,,,,"1",,,"106","9","20","13",,,,"true",,,"0","0","350","690","1,13","58","24","false","28","4","0",,"24593","FontName=宋体|FontSize=9|FontBold=False|FontItalic=True|","0",,,"0","2","0","0","0","0","0",,"0"
"26234","1007006","2","利润","小數10","fGain","FDecimal10","FGain","PORFQEntry",,"65","2","2047","0","true","false","2",,"0","0","Min=-9999999999999.9999999999 | Max=9999999999999.9999999999",,,,,,"1",,,"106","9","20","13",,,,"true",,,"0","0","350","945","1,13","24","24","false","28","2","0",,"24593","FontName=宋体|FontSize=9|FontBold=False|FontItalic=True|","0",,,"0","2","0","0","0","0","0",,"0"
"26235","1007006","2","利润率%","小數11","Decimal10","FDecimal11","FrateGain","PORFQEntry",,"66","2","2047","0","true","false","2",,"0","0","Min=-9999999999999.9999999999 | Max=9999999999999.9999999999",,,,,,"1",,,"106","9","20","13",,,,"true",,,"0","0","350","870","1,13","25","24","false","28","2","0",,"24593","FontName=宋体|FontSize=9|FontBold=False|FontItalic=True|","0",,,"0","2","0","0","0","0","0",,"0"
"26236","1007006","2","客户目标价","小數12","Decimal11","FDecimal12","FpricByCustom","PORFQEntry",,"68","2","2047","0","true","false","2",,"0","0","Min=-9999999999999.9999999999 | Max=9999999999999.9999999999",,,,,,"1",,,"106","9","20","13",,,"Calculate{FDecimal13=FDecimal12*FDecimal4*(1-FDecimal6/100)*(1-FDecimal5/100)/(1+FCess/100)-FDecimal23}|Calculate{FDecimal14=100-100*FDecimal23*(1+FCess/100)/(FDecimal12*(1-FDecimal6/100)*(1-FDecimal5/100)*FDecimal4)
}:{FDecimal12>0}","true",,,"0","0","350","1035","1,13","27","24","false","28","2","0",,"24593","FontName=宋体|FontSize=9|FontBold=False|FontItalic=True|","0",,,"0","2","0","0","0","0","0",,"0"
"26237","1007006","2","目标价利润","小數13","Decimal12","FDecimal13","FGainByCustom","PORFQEntry",,"69","2","2047","0","true","false","2",,"0","0","Min=-9999999999999.9999999999 | Max=9999999999999.9999999999",,,,,,"1",,,"106","9","20","13",,,,"true",,,"0","0","350","975","1,13","28","-1","false","28","2","0",,"24593","FontName=宋体|FontSize=9|FontBold=False|FontItalic=True|","0",,,"0","2","0","0","0","0","0",,"0"
"26238","1007006","2","目标价利润%","小數14","Decimal13","FDecimal14","FrateByCustom","PORFQEntry",,"70","2","2047","0","true","false","2",,"0","0","Min=-9999999999999.9999999999 | Max=9999999999999.9999999999",,,,,,"1",,,"106","9","20","13",,,,"true",,,"0","0","350","975","1,13","29","-1","false","28","2","0",,"24593","FontName=宋体|FontSize=9|FontBold=False|FontItalic=True|","0",,,"0","2","0","0","0","0","0",,"0"
"26240","1007006","2","RMB产品控制利润率%","小數15","Decimal14","FDecimal15","FrateGainByPrdCTLRMB","PORFQEntry",,"105","2","2047","0","true","false","2",,"0","0","Min=-9999999999999.9999999999 | Max=9999999999999.9999999999",,,,,,"1",,,"106","9","20","13",,,"Calculate{FDecimal18=FDecimal8}:{FCurrencyID=1 and FDecimal8>=FDecimal15}|Calculate{FDecimal18=FDecimal15}:{FCurrencyID=1 and FDecimal8 < FDecimal15}","true",,,"0","0","350","1305","1,13","65","24","false","28","2","0",,"24593","FontName=宋体|FontSize=9|FontBold=False|FontItalic=True|","0",,,"0","2","0","0","0","0","0",,"0"
"26241","1007006","2","USD产品控制利润率%","小數16","Decimal15","FDecimal16","FrateGainByPrdCTLUSD","PORFQEntry",,"106","2","2047","0","true","false","2",,"0","0","Min=-9999999999999.9999999999 | Max=9999999999999.9999999999",,,,,,"1",,,"106","9","20","13",,,"Calculate{FDecimal18=FDecimal8}:{FCurrencyID=1000 and FDecimal8>=FDecimal16}|Calculate{FDecimal18=FDecimal16}:{FCurrencyID=1000 and FDecimal8 < FDecimal16}","true",,,"0","0","350","1050","1,13","66","24","false","28","2","0",,"24593","FontName=宋体|FontSize=9|FontBold=False|FontItalic=True|","0",,,"0","2","0","0","0","0","0",,"0"
"26341","1007006","1","贷款年利率（%）","小數17","Decimal16","FDecimal17","FRateLendYear","PORFQ",,"38","2","2047","0","true","false","2",,"0","0","Min=-9999999999999.9999999999 | Max=9999999999999.9999999999",,,,,,"1",,,"106","9","13","13",,,"TrigAction{FAuxPrice}","true",,,"9810","1030","375","2835","1,13","62","24","false","13","4","0",,"24593","FontName=宋体|FontSize=9|FontBold=False|FontItalic=True|","0",,,"0","2","10485760","0","16711680","0","0",,"0"
"26242","1007006","2","公司最终报价利润率%","小數18","Decimal17","FDecimal18","FrateGainByComFinalPric","PORFQEntry",,"73","2","2047","0","true","false","2",,"0","0","Min=-9999999999999.9999999999 | Max=9999999999999.9999999999",,,,,,"1",,,"106","9","20","13",,,"TrigAction{FAuxPrice,FBase}","true",,,"0","0","350","1275","1,13","32","24","false","28","2","0",,"24593","FontName=宋体|FontSize=9|FontBold=False|FontItalic=True|","0",,,"0","2","0","0","0","0","0",,"0"
"26243","1007006","2","产品累计销售数量","小數19","Decimal18","FDecimal19","FsaledQtyByModel","PORFQEntry",,"107","2","2047","0","true","false","2",,"0","0","Min=-9999999999999.9999999999 | Max=9999999999999.9999999999",,,,,,"1",,,"106","9","20","13",,,,"true",,,"0","0","350","1140","1,13","67","24","false","28","2","0",,"24593","FontName=宋体|FontSize=9|FontBold=False|FontItalic=True|","0",,,"0","2","0","0","0","0","0",,"0"
"26222","1007006","2","运费标准单价(含税）","小數2","Decimal2","FDecimal2","Ftranprice","PORFQEntry",,"99","2","2047","0","true","false","2",,"0","0","Min=-9999999999999.9999999999 | Max=9999999999999.9999999999",,,,,,"1",,,"106","9","20","13",,,,"true",,,"0","0","350","1215","1,13","59","24","false","28","2","0",,"24593","FontName=宋体|FontSize=9|FontBold=False|FontItalic=True|","0",,,"0","2","0","0","0","0","0",,"0"
"26244","1007006","2","客户累计销售数量","小數20","Decimal19","FDecimal20","FsaledQtyByCust","PORFQEntry",,"108","2","2047","0","true","false","2",,"0","0","Min=-9999999999999.9999999999 | Max=9999999999999.9999999999",,,,,,"1",,,"106","9","20","13",,"0",,"true",,,"0","0","350","1320","1,13","68","24","false","28","2","0",,"24593","FontName=宋体|FontSize=9|FontBold=False|FontItalic=True|","0",,,"0","2","0","0","0","0","0",,"0"
"26246","1007006","2","木托盘缠绕膜成本","小數21","Decimal20","FDecimal21","FcostChanRaoMe","PORFQEntry",,"103","2","2047","0","true","false","2",,"0","0","Min=-9999999999999.9999999999 | Max=9999999999999.9999999999",,,,,,"1",,,"106","9","20","13",,,,"true",,,"0","0","350","990","1,13","63","24","false","28","2","0",,"24593","FontName=宋体|FontSize=9|FontBold=False|FontItalic=True|","0",,,"0","2","0","0","0","0","0",,"0"
"26344","1007006","1","客户账期     ","小數22","Decimal21","FDecimal22","FCustPayDelay","PORFQ",,"41","2","2047","0","true","false","2",,"0","0","Min=-9999999999999.9999999999 | Max=9999999999999.9999999999",,,,,,"1",,,"106","9","13","13",,,"TrigAction{FAuxPrice}","true",,,"6535","1431","375","2835","1,13","65","24","false","13","2","0",,"24593","FontName=宋体|FontSize=9|FontBold=False|FontItalic=True|","0",,,"0","2","10485760","0","10485760","0","0",,"0"
"26355","1007006","2","总成本","小數23","Decimal22","FDecimal23","FsumCost","PORFQEntry",,"104","2","2047","0","true","false","2",,"0","0","Min=-99999.9999 | Max=9999999999999.9999999999",,,,,,"1",,,"106","9","20","13",,,,"true",,,"0","0","350","2500","1,13","64","24","false","28","2","0",,"24593","FontName=宋体|FontSize=9|FontBold=False|FontItalic=True|","0",,,"0","2","0","0","0","0","0",,"0"
"26223","1007006","2","运费（含税）","小數3","Decimal3","FDecimal3","Ftranamt","PORFQEntry",,"100","2","2047","0","true","false","2",,"0","0","Min=-9999999999999.9999999999 | Max=9999999999999.9999999999",,,,,,"1",,,"106","9","20","13",,,,"true",,,"0","0","350","885","1,13","60","24","false","28","4","0",,"24593","FontName=宋体|FontSize=9|FontBold=False|FontItalic=True|","0",,,"0","2","0","0","0","0","0",,"0"
"26343","1007006","1","报价汇率","小數4","Decimal4","FDecimal4","FqutoeExchRate","PORFQ",,"40","2","2047","0","true","false","2",,"0","0","Min=-9999999999999.9999999999 | Max=9999999999999.9999999999",,,,,,"1",,,"106","9","13","13",,,,"true",,,"6535","2233","375","2835","1,13","64","24","false","13","2","0",,"24593","FontName=宋体|FontSize=9|FontBold=False|FontItalic=True|","0",,,"0","2","10485760","0","10485760","0","0",,"0"
"26331","1007006","1","质量赔偿金折扣率%","小數5","Decimal5","FDecimal5","FUncountRateQulity","PORFQ",,"32","2","2047","0","true","false","2",,"0","0","Min=-9999999999999.9999999999 | Max=9999999999999.9999999999",,,,,,"1",,,"106","9","20","13",,,,"true",,,"9810","1431","375","2835","1,13","56","24","false","28","2","0",,"24593","FontName=宋体|FontSize=9|FontBold=False|FontItalic=True|","0",,,"0","2","10485760","0","10485760","0","0",,"0"
"26332","1007006","1","返点%","小數6","Decimal6","FDecimal6","FUncountRateReturn","PORFQ",,"33","2","2047","0","true","false","2",,"0","0","Min=-9999999999999.9999999999 | Max=9999999999999.9999999999",,,,,,"1",,,"106","9","20","13",,,,"true",,,"9810","1832","375","2835","1,13","57","24","false","28","2","0",,"24593","FontName=宋体|FontSize=9|FontBold=False|FontItalic=True|","0",,,"0","2","10485760","0","10485760","0","0",,"0"
"26229","1007006","2","出厂成本_不含运费","小數7","Decimal7","FDecimal7","FStdCOST","PORFQEntry",,"101","2","2047","0","true","false","2",,"0","0","Min=-9999999999999.9999999999 | Max=9999999999999.9999999999",,,,,,"1",,,"106","9","20","13",,,,"true",,,"0","0","350","1170","1,13","61","24","false","28","2","0",,"24593","FontName=宋体|FontSize=9|FontBold=False|FontItalic=True|","0",,,"0","2","0","0","0","0","0",,"0"
"26340","1007006","1","客户指导利润率（%）","小數8","Decimal8","FDecimal8","FrateGainByCustPly","PORFQ",,"37","2","2047","0","true","false","2",,"0","0","Min=-9999999999999.9999999999 | Max=9999999999999.9999999999",,,,,,"1",,,"106","9","13","13",,,"TrigAction{FDecimal15,FDecimal16}","true",,,"9810","2233","375","2835","1,13","61","24","false","13","2","0",,"24593","FontName=宋体|FontSize=9|FontBold=False|FontItalic=True|","0",,,"0","2","10485760","0","10485760","0","0",,"0"
"26233","1007006","2","账期财务成本","小數9","Decimal9","FDecimal9","FcostFinance","PORFQEntry",,"102","2","2047","0","true","false","2",,"0","0","Min=-9999999999999.9999999999 | Max=9999999999999.9999999999",,,,,,"1",,,"106","9","20","13",,,,"true",,,"0","0","350","1035","1,13","62","24","false","28","6","0",,"24593","FontName=宋体|FontSize=9|FontBold=False|FontItalic=True|","0",,,"0","2","0","0","0","0","0",,"0"
"13960","1007006","1","部门","部門","Dept","FDeptID","FDeptID","PORFQ",,"13","2","4095","0","true","true","1",,"1","2",,"FItemID","t_Department",,"FName","FNumber","1",,,"56","500","255","4",,,,"false",,,"4289","7305","375","1620","0,17","12","20","false","0","10","0",,"13843",,"1",,,"0","2","0","750","0","0","0",,"0"
"13990","1007006","2","折扣率(%)","折扣率(%)","Discount Rate(%)","FDescount","FDescount","PORFQEntry",,"71","0","3071","0","true","false","2",,"0","0","Min= | Max=100",,,,,,"1",,,"106","9","13","13",,,"Calculate{FAuxTaxPriceDiscount=FAuxPriceIncludeTax*(1-FDescount/100)}|Calculate{FAmount=FAuxQty*FAuxPriceIncludeTax*(1-FDescount/100)/(1+FCess/100)}|Calculate{FDiscountAmt=FAuxQty*FAuxPriceIncludeTax*FDescount/100}|Calculate{FTaxAmount=FAuxQty*FAuxPriceIncludeTax*(1-FDescount/100)/(1+FCess/100)*FCess/100}|Calculate{FAmountIncludeTax=FAmount+FTaxAmount}","false",,,"0","0","350","900","1,13","30","-1","false","13","10","0",,"12818","FontName=宋体|FontSize=9|FontBold=True|FontItalic=True|","0",,,"0","2","0","0","0","0","0",,"0"
"13969","1007006","2","分录内码","分錄內碼","Entry ISN","FDetailID2","FDetailID","PORFQEntry",,"22","0","0","1","false","false","3",,"0","0",,,,,,,"1",,,"56","500","255","4",,,,"false",,"ENTRYKEY","240","120","350","1800","-1","-1","16","false","0","0","0",,"12289",,"0",,,"0","0","0","0","0","0","0",,"0"
"25260","1007006","1","整单折扣额","整單折扣額","Addl Disc. Amt","FDisCount","FDisCount","PORFQ",,"43","0","3071","1","true","false","2",,"0","0","Min=0",,,,,,"1",,,"106","6","28","13",,,"Calculate{FDisCountRateH=0}","false",,"AMOUNT","1415","85","345","1565","0,13","71","4","true","28","2","0",,"16",,"0",,,"0","2","0","1000","0","0","0","FTab,0","0"
"13991","1007006","2","折扣额","折扣額","Discount Amount","FDiscountAmt","FDiscountAmt","PORFQEntry",,"72","0","3071","0","true","false","2","FCurrencyID","0","0",,,,,,,"1",,,"106","6","13","13",,,,"false",,"AMOUNT","0","0","350","915","1,13","31","-1","true","13","2","0",,"8720",,"0",,,"0","2","0","0","0","0","0",,"0"
"25261","1007006","1","整单折扣率(%)","整單折扣率(%)","Addl Disc. Rate (%)","FDisCountRateH","FDisCountRate","PORFQ",,"42","0","3071","1","true","false","2",,"0","0","Min=0 | Max=100",,,,,,"1",,,"106","9","28","13",,,,"false",,,"9210","130","465","2825","1,13","70","4","false","28","2","0",,"16",,"0",,,"0","2","0","1000","0","0","0","FTab,0","0"
"13962","1007006","1","业务员","業務員","Biz. Rep.","FEmpID","FEmpID","PORFQ",,"15","2","4095","0","true","true","1",,"1","3",,"FItemID","t_Emp","t_Emp2","FName","FNumber","1",,,"56","500","255","4",,,,"false",,,"8473","7305","375","1620","0,16","14","20","false","0","10","0",,"13843",,"1",,,"0","2","0","750","0","0","0",,"0"
"13999","1007006","2","源单分录","源單分錄","Source Document Entry","FEntryID_SRC","FSourceEntryID","PORFQEntry",,"84","0","2574","0","true","false","3","FID_SRC","0","0",,,,,,,"1",,,"56","10","10","4",,,,"false",,"SRCENTRYID","0","0","350","450","-1","43","-1","false","0","10","0",,"8224",,"0",,,"0","0","0","0","0","0","0",,"0"
"13970","1007006","2","行号","行號","Row No.","FEntryID2","FEntryID","PORFQEntry",,"48","0","0","1","true","false","3",,"0","0",,,,,,,"1",,,"56","500","255","4",,,,"false",,"INDEX","240","120","350","1800","-1","-1","-1","false","0","0","0",,"8192",,"0",,,"0","0","0","0","0","0","0",,"0"
"14686","1007006","2","分录编号","分錄編號","Entry No.","FEntryNo","FEntryNo","PORFQEntry",,"95","0","12","0","true","false","3",,"0","0",,,,,,,"1",,,"56","10","10","4",,"0",,"false",,,"0","0","350","930","1,13","54","-1","false","0","0","0",,"8208",,"0",,,"0","2","0","0","0","0","0",,"1"
"13956","1007006","1","汇率","匯率","Exchange Rate","FExchangeRate","FExchangeRate","PORFQ",,"9","2","4095","0","true","false","2",,"0","0","Min=0",,,,,,"1",,,"106","9","8","8","Vertify{FExchangeRate>0,CHS=汇率必须大于0!@CHT=匯率必須大於0!@EN=Exchange rate must be greater than 0 !@,0}","1",,"false",,,"3294","2233","375","2835","1,13","8","16","false","53","10","0",,"12818",,"0",,,"0","2","0","1000","0","0","0",,"0"
"17360","1007006","1","汇率类型","匯率類型","Exchange Rate Type","FExchangeRateType","FExchangeRateType","PORFQ",,"4","2","1023","0","true","true","1",,"3","1014001",,"FID","v_BASE_ExRateType",,"FName","FNumber","1",,"0","56","500","255","4",,,,"false",,,"3294","1431","375","2835","0","4","20","false","0","0","0",,"30225",,"1",,,"0","2","0","1000","0","0","0",,"0"
"14000","1007006","2","源单内码","源單內碼","Source Doc. ISN","FID_SRC","FSourceInterId","PORFQEntry",,"85","0","12","0","true","false","3",,"0","0",,,,,,,"1",,,"56","10","10","4",,,,"false",,"SRCID","0","0","350","465","-1","44","-1","false","0","10","0",,"8224",,"0",,,"0","0","0","0","0","0","0",,"0"
"13952","1007006","1","内码","內碼","ISN","FInterID","FInterID","PORFQ",,"6","2","0","1","true","false","3",,"0","0",,,,,,,"1",,,"56","500","255","4",,,,"false",,"PRIMARY","240","120","405","2535","-1","5","16","false","0","0","0",,"12289",,"0",,,"0","2","0","0","0","0","0",,"0"
"13968","1007006","2","单据内码","單據內碼","Doc ISN","FInterID2","FInterID","PORFQEntry",,"46","0","0","1","true","true","3",,"0","0",,,,,,,"1",,,"56","500","255","4",,,,"false",,"PARENTID","240","120","350","1800","-1","-1","16","false","0","0","0",,"12289",,"0",,,"0","0","0","0","0","0","0",,"0"
"13974","1007006","2","物料名称","物料名稱","Material Name","FItemName","FItemID","PORFQEntry",,"49","0","2047","0","false","false","1",,"0","4",,"FItemID","t_ICItem",,"FName",,"3",,,"167","500","255","0",,,,"false",,,"0","0","0","1170","0","8","-1","false","0","0","0",,"8240",,"2",,,"0","2","0","0","0","0","0",,"0"
"13973","1007006","2","物料代码","物料代码","Material Code","FItemNumber","FItemID","PORFQEntry",,"47","0","4095","0","true","true","1",,"1","4",,"FItemID","t_ICItem",,"FNumber","FNumber","1",,"0","56","500","255","4",,,"TakeBaseData{FItemName,FModel,FBaseUnit,FUnitID=FSaleUnitID,FBaseProperty,FBaseProperty1,FDecimal=FSize,FDecimal7=FStandardCost,FDecimal19=F_172,FDecimal15=F_171,FDecimal16=F_175}|SetDecimal{FAUXPRICE,FAUXQTY,FAUXQTYFROM,FAUXQTYTO,FAUXPRICEINCLUDETAX,FAUXTAXPRICEDISCOUNT,FSELFDEFINEPRICE1,FSELFDEFINEPRICE2,FSELFDEFINEPRICE3,FSELFDEFINEPRICE4,FPRICE1,FPRICE,FQTY,FQTYFROM,FQtyTo}|LockField{ME.FAuxClassID=0,FAuxPropID=1,FAuxPropID=0}|BOSSer_GetTaxRate{Para=[P_CompanyID=FCustID,P_TaxRateOption=0];Return=[P_TaxRate=FCess];BOSAction=[BSA_FillRowType=-1,BSA_ReadRowType=-1]}|BOSSer_GetStockQtyAndSecurityQty{FItemID=FItemNumber,FStockID=,FBathNo=,FAuxProperty=FAuxPropID,FUnitID=FUnitID,FSPID=,FKFDate=,FKFPeriod=}","false",,,"5158","7738","346","825","0","7","24","false","0","10","0","SetDecimal{FAUXPRICE,FAUXQTY,FAUXQTYFROM,FAUXQTYTO,FAUXPRICEINCLUDETAX,FAUXTAXPRICEDISCOUNT,FSELFDEFINEPRICE1,FSELFDEFINEPRICE2,FSELFDEFINEPRICE3,FSELFDEFINEPRICE4,FPRICE,FQTY,FQTYFROM,FQtyTo}|LockField{ME.FAuxClassID=0,FAuxPropID=1,FAuxPropID=0}","13847",,"1",,,"0","2","0","0","0","0","0",,"0"
"13961","1007006","1","主管","主管","Supervisor","FMangerID","FMangerID","PORFQ",,"14","2","4095","0","true","false","1",,"1","3",,"FItemID","t_Emp","t_Emp1","FName","FNumber","1",,,"56","500","255","4",,,,"false",,,"6381","7305","375","1620","0,16","13","20","false","0","10","0",,"12819",,"1",,,"0","2","0","750","0","0","0",,"0"
"13972","1007006","2","对应名称","對應名稱","Corresponding Name","FMapName","FMapID","PORFQEntry",,"35","0","0","0","false","false","1",,"0","1007103",,"FID","v_CToIMappingGrp",,"FName",,"3",,,"167","500","255","0",,,,"false",,,"0","0","0","1230","0","-1","-1","false","0","0","0",,"8240",,"2",,,"0","2","0","0","0","0","0",,"0"
"13971","1007006","2","对应代码","對應代碼","Corresponding Code","FMapNumber","FMapID","PORFQEntry",,"34","0","0","0","true","false","1",,"3","1007103",,"FID","v_CToIMapping",,"FNumber","FNumber","1",,,"56","500","255","4",,,,"false",,,"5158","7738","346","1185","0","-1","20","false","0","10","0",,"12305",,"1",,,"0","2","0","0","0","0","0",,"0"
"13975","1007006","2","规格型号","規格型號","Specification","FModel","FItemID","PORFQEntry",,"50","0","2047","0","false","false","1",,"0","4",,"FItemID","t_ICItem",,"FModel",,"3",,,"167","500","255","0",,,,"false",,,"0","0","0","960","0","9","-1","false","0","0","0",,"8240",,"2",,,"0","2","0","0","0","0","0",,"0"
"14007","1007006","2","行关闭标志","行關閉標誌","Row Close Flag","FMRPClosed","FMRPClosed","PORFQEntry",,"92","0","782","0","true","false","8",,"0","0","VALUELIST{1=Y}",,,,,,"1",,,"48","500","1","1",,,,"false",,,"120","1695","350","630","5","51","-1","false","3","0","0",,"8226",,"9",,,"0","2","0","0","0","0","0",,"0"
"13996","1007006","2","备注","备注","Remarks","FNOTE","FNote","PORFQEntry",,"112","0","3071","0","true","false","1",,"0","0",,,,,,,"1",,,"231","500","255","255",,,,"false",,,"0","0","350","660","0,13","72","24","false","0","0","0",,"12816",,"0",,,"0","2","0","0","0","0","0",,"0"
"26245","1007006","2","公司价格体系备注","備註","Remarks1","FNOTE1","FnoteFromComPly","PORFQEntry",,"111","2","2047","0","true","false","999",,"0","0",,,,,,,"0",,,"231","500","200","200",,,,"true",,,"0","0","0","1320","0,13","71","24","false","0","0","0",,"24631","FontName=宋体|FontSize=9|FontBold=False|FontItalic=True|","0",,,"0","2","0","0","0","0","0",,"0"
"13951","1007006","1","收款条件 ","收款條件","Collection Terms","FPayCondition","FPayCondition","PORFQ",,"3","2","3071","0","true","false","1",,"3","1007737",,"FID","t_PayColConditionEntry",,"FName","FNumber","1",,"0","56","500","255","4",,,,"false",,,"6535","1030","375","2835","0","3","16","false","0","10","0",,"12819",,"1",,,"0","2","0","1000","0","0","0",,"0"
"13979","1007006","2","基本单位单价","基本單位單價","U/P (BUoM)","FPrice","FPrice","PORFQEntry",,"62","0","12","-1","true","false","2","FAuxPrice","0","0",,,,,,,"1",,,"106","4","13","13",,,,"false",,"PRICE","0","0","350","840","1,13","21","-1","false","13","10","0",,"8208",,"18",,,"0","2","0","0","0","0","0",,"0"
"22813","1007006","2","公司单价","公司单价","公司单价","FPrice1","FCompanyPrice","PORFQEntry",,"57","2","2047","0","true","false","2","FUnitID","0","0",,,,,,,"1",,,"106","4","28","13",,,,"true",,"PRICE","0","0","350","765","1,13","16","-1","false","28","10","0",,"25105",,"0",,,"0","2","0","0","0","0","0",,"0"
"14009","1007006","2","更新价格标志","更新價格標誌","Update Price Sign","FPriceUpdated","FPriceUpdated","PORFQEntry",,"94","0","782","0","true","false","8",,"0","0","VALUELIST{1=Y}",,,,,,"1",,,"48","500","1","1",,,,"false",,,"120","1695","350","660","5","53","-1","false","3","0","0",,"8226",,"9",,,"0","2","0","0","0","0","0",,"0"
"14697","1007006","1","打印次数","列印次數","Print Times","FPrintCount","FPrintCount","PORFQ",,"21","2","831","0","true","true","3",,"0","0","Min=0",,,,,,"1",,,"56","10","30","4",,"0",,"false",,"PRINTCOUNT","3051","8025","375","1620","1","20","-1","false","0","0","0",,"8192",,"20",,,"0","2","0","0","0","0","0",,"0"
"13978","1007006","2","基本单位数量","基本單位數量","Qty (BUoM)","FQty","FQty","PORFQEntry",,"59","0","12","-1","false","false","2","FAuxQty","0","0",,,,,,,"1",,,"106","2","13","13",,,,"false",,"QTY","0","0","350","945","1,13","18","-1","true","13","10","0",,"8208",,"17",,,"0","2","0","0","0","0","0",,"0"
"13980","1007006","2","基本单位数量段(从)","基本單位數量段(從)","Qty Segment in BUoM (from)","FQtyFrom","FQtyFrom","PORFQEntry",,"67","0","12","-1","false","false","2","FAuxQtyFrom","0","0",,,,,,,"1",,,"106","2","13","13",,,,"false",,"QTY","0","0","350","825","1,13","26","-1","true","13","10","0",,"8208",,"17",,,"0","2","0","0","0","0","0",,"0"
"13982","1007006","2","基本单位数量段(到)","基本單位數量段(到)","Qty Segment in BUoM (to)","FQtyTo","FQtyTo","PORFQEntry",,"76","0","12","-1","false","false","2","FAuxQtyTo","0","0",,,,,,,"1",,,"106","2","13","13",,,,"false",,"QTY","0","0","350","840","1,13","35","-1","true","13","10","0",,"8208",,"17",,,"0","2","0","0","0","0","0",,"0"
"14001","1007006","2","自定义不计入成本费用1","自定義不計入成本費用1","Custom Expense not Included in Cost 1","FSelfDefinePrice1","FSelfDefinePrice1","PORFQEntry",,"86","0","12","0","true","false","2","FUnitID","0","0",,,,,,,"1",,,"106","4","9","13",,,,"false",,"PRICE","0","0","350","1050","1,13","45","20","false","9","2","0",,"12306",,"0",,,"0","2","0","0","0","0","0",,"0"
"14002","1007006","2","自定义不计入成本费用2","自定義不計入成本費用2","Custom Expense not Included in Cost 2","FSelfDefinePrice2","FSelfDefinePrice2","PORFQEntry",,"87","0","12","0","true","false","2","FUnitID","0","0",,,,,,,"1",,,"106","4","9","13",,,,"false",,"PRICE","0","0","350","1050","1,13","46","20","false","9","2","0",,"12306",,"0",,,"0","2","0","0","0","0","0",,"0"
"14003","1007006","2","自定义不计入成本费用3","自定義不計入成本費用3","Custom Expense not Included in Cost 3","FSelfDefinePrice3","FSelfDefinePrice3","PORFQEntry",,"88","0","12","0","true","false","2","FUnitID","0","0",,,,,,,"1",,,"106","4","9","13",,,,"false",,"PRICE","0","0","350","1050","1,13","47","20","false","9","2","0",,"12306",,"0",,,"0","2","0","0","0","0","0",,"0"
"14004","1007006","2","自定义不计入成本费用4","自定義不計入成本費用4","Custom Expense not Included in Cost 4","FSelfDefinePrice4","FSelfDefinePrice4","PORFQEntry",,"89","0","12","0","true","false","2","FUnitID","0","0",,,,,,,"1",,,"106","4","9","13",,,,"false",,"PRICE","0","0","350","1080","1,13","48","20","false","9","2","0",,"12306",,"0",,,"0","2","0","0","0","0","0",,"0"
"13955","1007006","1","源单编号","源單編號","Source Doc No.","FSourceBillNo","FSourceBillNo","PORFQ",,"8","2","253","0","false","false","1",,"0","0",,,,,,,"1",,,"231","500","50","50",,,,"false",,,"3294","1030","375","2835","-1","7","16","false","0","0","0",,"12288",,"16",,,"0","2","0","1000","0","0","0",,"0"
"13954","1007006","1","源单类型","源單類型","Source Doc Type","FSourceBillType","FSourceBillType","PORFQ",,"7","2","253","0","false","false","8",,"0","0",,,,,,,"1",,,"231","500","255","255",,,,"false",,,"3294","629","375","2835","-1","6","16","false","0","0","0",,"12288",,"15",,,"0","2","0","1000","0","0","0",,"0"
"13964","1007006","1","审核标志","審核標誌","Approval Flag","FStatus","FStatus","PORFQ",,"23","2","1806","0","true","false","8",,"0","0","VALUELIST{1=Y}",,,,,,"1",,,"52","500","2","2",,,,"false",,,"105","0","375","100","5","38","-1","false","5","0","0",,"8226",,"9",,,"0","2","0","1000","0","0","0",,"0"
"13993","1007006","2","税额","稅額","Tax Amount","FTaxAmount","FTaxAmount","PORFQEntry",,"63","0","2060","0","true","false","2","FCurrencyID","0","0",,,,,,,"1",,,"106","6","13","13",,,,"false",,"AMOUNT","0","0","350","930","1,13","22","-1","true","13","2","0",,"8720",,"0",,,"0","2","0","0","0","0","0",,"0"
"22575","1007006","2","客户对应物料代码","客户对应物料代码","FCusItemID","FText","FCusItemID","PORFQEntry",,"44","2","2047","0","true","false","1",,"0","0",,,"v_ctoimapping2",,,,"3",,"0","231","500","100","100",,,,"true",,,"0","0","350","1245","0,13","5","24","false","0","0","0",,"24595",,"0",,,"0","2","0","0","0","0","0",,"0"
"22576","1007006","2","客户对应物料名称","客户对应物料名称","FCusItemName","FText1","FCusItemName","PORFQEntry",,"45","2","2047","0","true","true","1",,"0","0",,,,,,,"1",,,"231","500","255","255",,"-",,"true",,,"0","0","350","1275","0,13","6","24","false","0","0","0",,"24595",,"0",,,"0","2","0","0","0","0","0",,"0"
"13967","1007006","1","业务代码","業務代碼","Business Code","FTranType","FTranType","PORFQ",,"27","2","12","0","true","false","3",,"0","0",,,,,,,"1",,,"56","500","255","4",,"84",,"false",,,"120","60","285","100","1,13","40","20","false","0","10","0",,"12306",,"0",,,"0","2","0","0","0","0","0",,"0"
"13981","1007006","2","单位","單位","Unit of Measure (UoM)","FUnitID","FUnitID","PORFQEntry",,"54","0","4095","0","true","true","1","FItemNumber.FUnitGroupID","6","7",,"FItemID","t_Measureunit",,"FName","FNumber","1",,,"56","500","255","4",,,"UnitExchange{FAuxQty,FAuxPrice,FAuxPriceIncludeTax,FAuxQtyFrom,FAuxQtyTo}","false",,,"5158","7738","346","690","0","13","20","false","0","10","0",,"13843",,"1",,,"0","2","0","0","0","0","0",,"0"
"14685","1007006","1","版本号","版本號","Version No.","FVersionNo","FVersionNo","PORFQ",,"17","2","3071","0","true","true","1",,"0","0",,,,,"FName",,"1",,,"231","500","20","20",,"000",,"false",,,"6535","629","375","2835","0,13","16","-1","false","0","0","0",,"8195",,"0",,,"0","2","0","1000","0","0","0",,"0"

