"ftabindex","flistindex","fvisible","FID","FClassTypeID","FPage","FCaption_CHS","FCaption_CHT","FCaption_EN","FKey","FFieldName","FTableName","FTableNameAs","FListIndex","FListClassName","FVisible","FEnable","FNeedSave","FMustInput","FCtlType","FProperty","FLookUpType","FLookUpClassID","FLookUpList","FSRCFieldName","FSRCTableName","FSRCTableNameAs","FDSPFieldName","FFNDFieldName","FValueLocation","FFilter","FFilterGroup","FValueType","FDspColType","FEditlen","FValuePrecision","FSaveRule","FDefValue","FAction","FUserDefine","FNote","FKeyWord","FLeft","FTop","FHeight","FWidth","FCondition","FTabIndex","FLock","FSum","FPrec","FScale","FLayer","FLoadAction","FUnControl","FFont","FSourceType","FSubKey","FParentKey","FConditionExt","FFrameBorder","FFrameBorderColor","FLabelWidth","FLabelColor","FTextColor","FIsF7","FContainer","FStyle"
"22","61","4095","13986","1007006","2","金额","金額","Amount","FAmount","FAmount","PORFQEntry",,"61","0","4095","0","true","false","2","FCurrencyID","0","0","Min=0",,,,,,"1",,,"106","6","28","13",,,"Calculate{FAuxPriceIncludeTax=FAmount*(1+FCess/100)/FAuxQty/(1-FDescount/100)}|Calculate{FAuxPrice=FAuxPriceIncludeTax/(1+FCess/100)}|Calculate{FAuxTaxPriceDiscount=FAuxPriceIncludeTax*(1-FDescount/100)}|Calculate{FDiscountAmt=FAuxQty*FAuxPriceIncludeTax*FDescount/100}|Calculate{FTaxAmount=FAuxQty*FAuxPriceIncludeTax*(1-FDescount/100)/(1+FCess/100)*FCess/100}|Calculate{FAmountIncludeTax=FAmount+FTaxAmount}|Calculate{FPrice=FAuxPriceIncludeTax/(1+FCess/100)/FUnitID.FCoefficient}","false",,"AMOUNT","0","0","350","1260","1,13","22","24","true","28","2","0",,"13330",,"0",,,"0","2","0","0","0","0","0",,"0"
"41","78","4095","13994","1007006","2","价税合计","價稅合計","Total Amt after Disc and Taxes","FAmountIncludeTax","FAmountIncludeTax","PORFQEntry",,"78","0","4095","0","true","false","2","FCurrencyID","0","0",,,,,,,"1",,,"106","6","13","13",,,,"false",,"AMOUNT","0","0","350","915","1,13","41","-1","true","13","2","0",,"8720","FontName=宋体|FontSize=9|FontBold=True|FontItalic=False|","0",,,"0","2","0","0","0","0","0",,"0"
"59","119","12","13995","1007006","2","辅助属性类别","輔助屬性類別","Auxiliary Property Type","FAuxClassID","FItemID","PORFQEntry",,"119","0","12","0","false","false","1",,"0","4",,"FItemID","t_ICItem",,"FAuxClassID",,"3",,,"167","500","255","0",,,,"false",,,"0","0","0","645","0","59","-1","false","0","0","0",,"8240",,"2",,,"0","2","0","0","0","0","0",,"0"
"17","56","4095","13984","1007006","2","不含税单价(扣除质保金)","單價","Unit Price","FAuxPrice","FAuxPrice","PORFQEntry",,"56","0","4095","0","true","true","2","FUnitID","0","0",,,,,,,"1",,,"106","4","13","13","Vertify{FAuxPrice<>0,CHS=单价不能等于零!@CHT=單價不能等於零!@EN=Unit Price can not be 0 !@,0}",,"Calculate{FDecimal21=FCustID.F_123}|Calculate{FAuxPriceIncludeTax=FAuxPrice*(1+FCess/100)}|Calculate{FDecimal20=(FDecimal19+FDecimal18+FDecimal21)*FDecimal4/100*FDecimal6/365}|Calculate{FDecimal22=FDecimal21+FDecimal20+FDecimal19+FDecimal18}|Calculate{FDescount=100-100*FDecimal22/(1-FDecimal14/100)*(1+FCess/100)/(1-FDecimal1/100)/FAuxPriceIncludeTax/FDecimal5}|Calculate{FAuxTaxPriceDiscount=FAuxPriceIncludeTax*(1-FDescount/100)}|Calculate{FAmount=FAuxQty*FAuxPriceIncludeTax*(1-FDescount/100)/(1+FCess/100)}|Calculate{FDiscountAmt=FAuxQty*FAuxPriceIncludeTax*FDescount/100}:{@SysProfileDisCountIncludeTax=1}|Calculate{FDiscountAmt=FAuxQty*FAuxPriceIncludeTax/(100+FCess)*FDescount}:{@SysProfileDisCountIncludeTax=0}|Calculate{FTaxAmount=FAuxQty*FAuxPriceIncludeTax*(1-FDescount/100)/(1+FCess/100)*FCess/100}|Calculate{FAmountIncludeTax=FAmount+FTaxAmount}|Calculate{FPrice=FAuxPrice/FUnitID.FCoefficient}|Calculate{FDecimal8=FAuxPriceIncludeTax*FDecimal5*(1-FDecimal1/100)/(1+FCess/100)-FDecimal22}|Calculate{FDecimal9=100-100*FDecimal22*(1+FCess/100)/(FAuxPriceIncludeTax*(1-FDecimal1/100)*FDecimal5)}|Calculate{FDecimal7=FAuxPriceIncludeTax/(1-FDecimal/100)}|Calculate{FDecimal15=FAuxPriceIncludeTax*(1-FDescount/100)/(1-FDecimal/100)
}|TrigAction{FDecimal11}","false",,"PRICE","0","0","350","930","1,13","17","24","false","13","10","0",,"13842","FontName=宋体|FontSize=9|FontBold=False|FontItalic=False|","0",,,"0","2","0","0","0","0","0",,"0"
"20","59","4095","13985","1007006","2","含税单价(公司指导价或客户成交价 扣除质保金)","含稅單價","Unit Price after Tax","FAuxPriceIncludeTax","FAuxPriceIncludeTax","PORFQEntry",,"59","0","4095","0","true","true","2","FUnitID","0","0",,,,,,,"1",,,"106","4","13","13",,,"Calculate{FAuxPrice=FAuxPriceIncludeTax/(1+FCess/100)}|Calculate{FDecimal20=(FDecimal18+FDecimal19+FDecimal21)*FDecimal4/100*FDecimal6/365
}|Calculate{FDecimal22=FDecimal18+FDecimal19+FDecimal20+FDecimal21}|Calculate{FDescount=100-100*FDecimal22/(1-FDecimal14/100)*(1+FCess/100)/(1-FDecimal1/100)/FAuxPriceIncludeTax/FDecimal5
}|Calculate{FAuxTaxPriceDiscount=FAuxPriceIncludeTax*(1-FDescount/100)}|Calculate{FAmount=FAuxQty*FAuxPriceIncludeTax*(1-FDescount/100)/(1+FCess/100)}|Calculate{FDiscountAmt=FAuxQty*FAuxPriceIncludeTax*FDescount/100}:{@SysProfileDisCountIncludeTax=1}|Calculate{FDiscountAmt=FAuxQty*FAuxPriceIncludeTax/(100+FCess)*FDescount}:{@SysProfileDisCountIncludeTax=0}|Calculate{FTaxAmount=FAuxQty*FAuxPriceIncludeTax*(1-FDescount/100)/(1+FCess/100)*FCess/100}|Calculate{FAmountIncludeTax=FAmount+FTaxAmount}|Calculate{FPrice=FAuxPriceIncludeTax/(1+FCess/100)/FUnitID.FCoefficient}|Calculate{FDecimal8=FAuxPriceIncludeTax*FDecimal5*(1-FDecimal1/100)/(1+FCess/100)-FDecimal22}|Calculate{FDecimal9=100-100*FDecimal22*(1+FCess/100)/(FAuxPriceIncludeTax*(1-FDecimal1/100)*FDecimal5)}|Calculate{FDecimal7=FAuxPriceIncludeTax/(1-FDecimal/100)}|Calculate{FDecimal15=FAuxPriceIncludeTax*(1-FDescount/100)/(1-FDecimal/100)}|TrigAction{FDecimal11}","false",,"PRICE","0","0","350","885","1,13","20","24","false","13","10","0",,"12818",,"0",,,"0","2","0","0","0","0","0",,"0"
"12","51","3071","13976","1007006","2","辅助属性","輔助屬性","Auxiliary Property","FAuxPropID","FAuxPropID","PORFQEntry",,"51","0","3071","0","true","false","1","FItemNumber","17","1",,"FItemID","t_AuxItem",,"FName","FNumber","1",,,"56","500","255","4",,,,"false",,,"5158","7738","346","795","0","12","20","false","0","10","0",,"12305",,"1",,,"0","2","0","0","0","0","0",,"0"
"14","53","4095","13983","1007006","2","数量","數量","Qty","FAuxQty","FAuxQty","PORFQEntry",,"53","0","4095","0","true","true","2","FUnitID","0","0",,,,,,,"1",,,"106","2","13","13","Vertify{FAuxQty=1,CHS=产品的数量必须是1。@CHT=產品的數量必須是1。@EN=the Quantity of Product must be one.@,0}",,"Calculate{FQty=FAuxQty*FUnitID.FCoefficient}|Calculate{FDecimal21=FCustID.F_123}|TrigAction{FDecimal23,FDecimal24}|Calculate{FAmount=FAuxQty*FAuxPriceIncludeTax*(1-FDescount/100)/(1+FCess/100)}|Calculate{FDiscountAmt=FAuxQty*FAuxPriceIncludeTax*FDescount/100}:{@SysProfileDisCountIncludeTax=1}|Calculate{FDiscountAmt=FAuxQty*FAuxPriceIncludeTax/(100+FCess)*FDescount}:{@SysProfileDisCountIncludeTax=0}|Calculate{FTaxAmount=FAuxQty*FAuxPriceIncludeTax*(1-FDescount/100)/(1+FCess/100)*FCess/100}|Calculate{FAmountIncludeTax=FAmount+FTaxAmount}","false",,"QTY","0","0","350","975","1,13","14","24","true","13","10","0",,"13842",,"0",,,"0","2","0","0","0","0","0",,"0"
"55","117","12","13987","1007006","2","数量段(从)","數量段(從)","Qty Segment (from)","FAuxQtyFrom","FAuxQtyFrom","PORFQEntry",,"117","0","12","0","true","false","2","FUnitID","0","0",,,,,,,"1",,,"106","2","13","13",,,"Calculate{FQtyFrom=FAuxQtyFrom*FUnitID.FCoefficient}","false",,"QTY","0","0","350","975","1,13","55","20","true","13","10","0",,"12306",,"0",,,"0","2","0","0","0","0","0",,"0"
"56","116","12","13989","1007006","2","数量段(到)","數量段(到)","Qty to","FAuxQtyTo","FAuxQtyTo","PORFQEntry",,"116","0","12","0","true","false","2","FUnitID","0","0",,,,,,,"1",,,"106","2","13","13",,,"Calculate{FQtyTo=FAuxQtyTo*FUnitID.FCoefficient}","false",,"QTY","0","0","350","945","1,13","56","20","true","13","10","0",,"12306",,"0",,,"0","2","0","0","0","0","0",,"0"
"43","77","4095","13992","1007006","2","实际含税单价(扣除质保金)","實際含稅單價","Actual Unit Price after Tax","FAuxTaxPriceDiscount","FAuxTaxPriceDiscount","PORFQEntry",,"77","0","4095","0","true","false","2","FUnitID","0","0",,,,,,,"1",,,"106","4","13","13",,,,"false",,"PRICE","0","0","350","825","1,13","43","-1","false","13","10","0",,"8211","FontName=宋体|FontSize=9|FontBold=True|FontItalic=False|","0",,,"0","2","0","0","0","0","0",,"0"
"46","81","2047","26387","1007006","2","价格类型","基礎資料1","Master Data1","FBase","FPriceType","PORFQEntry",,"81","2","2047","0","true","false","1",,"2","245",,"FInterID","t_SubMessage","t_SubMessage3","FName","FID","1",,"0","56","10","10","4",,,,"true",,,"5158","7738","346","1260","0","46","-1","false","0","10","0",,"24593",,"1",,,"0","2","0","0","0","0","0",,"0"
"11","11","2047","22704","1007006","1","包装方式   ","包装方式","包装方式","FBase1","FPackBase","PORFQ",,"11","2","2047","0","true","true","1",,"2","10014",,"FInterID","t_SubMessage","t_SubMessage1","FName","FID","1",,"0","56","500","255","4",,"公司标准|BZ01",,"true",,,"105","2251","375","2145","0","11","24","false","0","10","0",,"24593",,"1",,,"0","2","0","0","0","0","0",,"0"
"10","10","2047","23051","1007006","1","出货条件","出货条件","出货条件","FBase2","FShipmentCondition","PORFQ",,"10","2","2047","0","true","true","1",,"2","10021",,"FInterID","t_SubMessage","t_SubMessage2","FName","FID","1",,"0","56","500","255","4",,"整柜 BY FCL,40HQ/GP,45HQ/GP|OUT005",,"true",,,"75","1812","375","2145","0","10","24","false","0","10","0",,"24593","FontName=楷体_GB2312|FontSize=9|FontBold=False|FontItalic=True|","1",,,"0","2","0","1200","128","0","0",,"0"
"19","19","205","26355","1007006","1","贷款年利率        ","基礎資料","Master Data","FBase3","FBaseRateLendYear","PORFQ",,"19","2","205","0","true","true","1",,"1","3015",,"FItemID","t_Item_3015",,"FName","FNumber","1",,"0","56","500","255","4",,"贷款年利率%|K13","TakeBaseData{FDecimal4=F_101}","true",,,"7707","615","375","2145","0","19","-1","false","0","10","0",,"24593","FontName=楷体_GB2312|FontSize=9|FontBold=False|FontItalic=True|","1",,,"0","2","0","0","16711680","0","0",,"0"
"17","17","2047","26359","1007006","1","报价汇率类型","匯率類型1","Exchange Rate Type1","FBase4","FquoteExRateType","PORFQ",,"17","2","2047","0","true","true","1",,"3","1014001",,"FID","v_BASE_ExRateTypeEntry",,"FName","FNumber","1",,"0","56","500","255","4",,"预算汇率|04","BOSSer_GetExRateEx{FBase4,FCurrencyID,FDate,FDecimal5}","true",,,"5173","1794","375","2145","0","17","-1","false","0","10","0",,"24593","FontName=楷体_GB2312|FontSize=9|FontBold=False|FontItalic=True|","1",,,"0","2","0","0","16711680","0","0",,"0"
"50","85","2047","26388","1007006","2","运费标准","基礎資料2","Master Data2","FBase5","FTranType","PORFQEntry",,"85","2","2047","0","true","true","1",,"1","3029",,"FItemID","t_Item_3029",,"FName","FNumber","1",,"0","56","500","255","4",,,"TakeBaseData{FBase=F_107,FBaseProperty5,FDecimal17=F_110}|Calculate{FDecimal16=FItemNumber.FSize*100000/12000}:{ME.F_105=125}|Calculate{FDecimal16=FItemNumber.FSize}:{ME.F_105=207266}|Calculate{FDecimal18=FDecimal16*FDecimal17}|TrigAction{FAuxPrice}","true",,,"5158","7738","346","1605","0","50","24","false","0","10","0",,"25105","FontName=楷体_GB2312|FontSize=9|FontBold=True|FontItalic=True|","1",,,"0","2","0","0","0","0","0",,"0"
"11","50","2047","22705","1007006","2","芯体颜色标准","芯体颜色标准","芯体颜色标准","FBaseProperty","FItemID","PORFQEntry",,"50","0","2047","0","false","false","1",,"0","4",,"FItemID","t_ICItem",,"F_135",,"3",,,"167","500","255","0",,,,"true",,,"0","0","0","1140","0","11","-1","false","0","0","0",,"24631",,"2",,,"0","2","0","0","0","0","0",,"0"
"10","49","2047","23919","1007006","2","适用车型","适用车型","Master Data Property","FBaseProperty1","FItemID","PORFQEntry",,"49","0","2047","0","false","false","1",,"0","4",,"FItemID","t_ICItem",,"F_161",,"3",,,"167","500","255","0",,,,"true",,,"0","0","0","1080","0","10","-1","false","0","0","0",,"24631",,"2",,,"0","2","0","0","0","0","0",,"0"
"9","9","2047","24591","1007006","1","客户代码 ","客户代码","Master Data Property1","FBaseProperty2","FCustID","PORFQ",,"9","0","2047","0","false","false","1",,"0","1",,"FItemID","t_Organization",,"FNumber",,"3",,,"167","500","255","0",,,,"true",,,"75","1433","375","2145","0","9","-1","false","0","0","0",,"24631",,"2",,,"0","2","0","1000","0","0","0",,"0"
"32","32","2047","26351","1007006","1","联系电话","联系电话","Master Data Property2","FBaseProperty3","FEmpID","PORFQ",,"32","0","2047","0","false","false","1",,"0","3",,"FItemID","t_Emp","t_Emp2","FMobilePhone",,"3",,,"167","500","255","0",,,,"true",,,"105","7560","480","2000","0","32","-1","false","0","0","0",,"24631",,"2",,,"0","2","0","0","0","0","0",,"0"
"33","33","2047","26352","1007006","1","邮箱","邮箱","Master Data Property3","FBaseProperty4","FEmpID","PORFQ",,"33","0","2047","0","false","false","1",,"0","3",,"FItemID","t_Emp","t_Emp2","FEmail",,"3",,,"167","500","255","0",,,,"true",,,"3839","7560","480","2000","0","33","-1","false","0","0","0",,"24631",,"2",,,"0","2","0","0","0","0","0",,"0"
"52","87","2047","26389","1007006","2","运费计量单位","基礎資料屬性","Master Data Property4","FBaseProperty5","FTranType","PORFQEntry",,"87","0","2047","0","false","false","1",,"0","3029",,"FItemID","t_Item_3029",,"F_105",,"3",,,"167","500","255","0",,,,"true",,,"0","0","0","2500","0","52","-1","false","0","0","0",,"24631","FontName=楷体_GB2312|FontSize=9|FontBold=True|FontItalic=True|","2",,,"0","2","0","0","0","0","0",,"0"
"15","54","2047","13977","1007006","2","基本单位名称","基本單位名稱","BUoM","FBaseUnit","FItemID","PORFQEntry",,"54","0","2047","0","false","false","1",,"0","4",,"FItemID","t_ICItem",,"FUnitID",,"3",,,"167","500","255","0",,,,"false",,,"0","0","0","630","0","15","-1","false","0","0","0",,"8240",,"2",,,"0","2","0","0","0","0","0",,"0"
"31","31","3071","13963","1007006","1","制单人","制單人","Prep. by","FBiller","FBillerID","PORFQ",,"31","2","3071","-1","true","false","1",,"7","9",,"FUserID","t_User","t_User1","FName","FName","1",,,"56","500","255","4",,,,"false",,"USER","9320","7185","375","1290","9,14,15","31","-1","false","0","10","0",,"8210",,"8",,,"0","2","0","750","0","0","0",,"0"
"0","0","4095","13948","1007006","1","单据编号 ","單據編號","Doc No.","FBillNo","FBillNo","PORFQ",,"0","2","4095","0","true","true","1",,"0","0",,,,,,,"1",,,"167","500","30","30",,,,"false",,"BILLNO","90","585","375","2145","0","0","20","false","0","0","0",,"9747",,"3",,,"0","2","0","1000","0","0","0",,"0"
"49","84","3071","13998","1007006","2","源单编号","源單編號","Source Doc No.","FBillNo_SRC","FSourceBillNo","PORFQEntry",,"84","0","3071","0","true","false","1","FID_SRC","12","0",,,,,,,"1",,,"231","500","510","510",,,,"false",,"SRCBILLNO","0","0","350","1125","0","49","-1","false","0","0","0",,"8240",,"0",,,"0","0","0","0","0","0","0",,"0"
"40","25","12","13966","1007006","1","分支机构代码","分支機搆代碼","Branch Code","FBrNo","FBrNo","PORFQ",,"25","2","12","0","true","false","1",,"0","0",,,,,,,"1",,,"167","500","10","10",,"0",,"false",,,"125","45","350","100","0,13","40","20","false","0","0","0",,"12288",,"0",,,"0","2","0","0","0","0","0",,"0"
"74","106","12","14008","1007006","2","分支机构代码","分支機搆代碼","Branch Code","FBrNo2","FBrNo","PORFQEntry",,"106","0","12","0","true","false","1",,"0","0",,,,,"FName",,"1",,,"167","500","10","10",,"0",,"false",,,"0","0","350","690","0,13","74","20","false","0","0","0",,"12304",,"0",,,"0","2","0","0","0","0","0",,"0"
"39","39","782","13965","1007006","1","作废标志","作廢標誌","Void Flag","FCancellation","FCancellation","PORFQ",,"39","2","782","0","true","false","8",,"0","0","VALUELIST{True=Y}",,,,,,"1",,,"104","500","1","1",,,,"false",,,"75","75","315","100","5","39","-1","false","1","0","0",,"8226",,"9",,,"1000013","2","0","0","0","0","0",,"0"
"18","57","3071","13988","1007006","2","税率(%)","稅率(%)","Tax Rate (%)","FCess","FCess","PORFQEntry",,"57","0","3071","0","true","false","2",,"0","0","Min=0 | Max=100",,,,,,"1",,,"106","9","13","13",,,"Calculate{FAuxPrice=FAuxPriceIncludeTax/(1+FCess/100)}:{@SysProfileIsTaxInPrc=1}|Calculate{FAuxPriceIncludeTax=FAuxPrice*(1+FCess/100)}:{@SysProfileIsTaxInPrc=0}|Calculate{FAuxTaxPriceDiscount=FAuxPriceIncludeTax*(1-FDescount/100)}|Calculate{FPrice=FAuxPriceIncludeTax/(1+FCess/100)/FUnitID.FCoefficient}|Calculate{FAmount=FAuxQty*FAuxPriceIncludeTax*(1-FDescount/100)/(1+FCess/100)}|Calculate{FTaxAmount=FAuxQty*FAuxPriceIncludeTax*(1-FDescount/100)/(1+FCess/100)*FCess/100}|Calculate{FAmountIncludeTax=FAmount+FTaxAmount}","false",,,"0","0","350","705","1,13","18","-1","false","13","2","0",,"12818","FontName=宋体|FontSize=9|FontBold=False|FontItalic=False|","0",,,"0","2","0","0","0","0","0",,"0"
"7","7","3071","14681","1007006","1","变更原因","變更原因","Reason for Change","FChangeCauses","FChangeCauses","PORFQ",,"7","2","3071","0","true","false","1",,"0","0",,,,,,,"0",,,"231","500","255","255",,,,"false",,,"10241","1433","375","2145","0,13","7","20","false","0","0","0",,"12289",,"0",,,"0","2","0","1000","0","0","0",,"0"
"6","6","3071","14682","1007006","1","变更日期","變更日期","Change Date","FChangeDate","FChangeDate","PORFQ",,"6","2","3071","0","true","false","0",,"0","0",,,,,,,"1",,,"61","0","8","8",,,,"false",,,"10241","1024","375","2145","2,13","6","-1","false","3","23","0",,"8193",,"0",,,"0","2","0","1200","0","0","0",,"0"
"44","44","12","14683","1007006","1","变更标志   ","變更標誌","Change Flag","FChangeMark","FChangeMark","PORFQ",,"44","2","12","0","true","false","1",,"0","0",,,,,"FName",,"1",,,"231","500","10","10",,,,"false",,,"10320","1770","480","2000","0,13","44","-1","false","0","0","0",,"8208",,"0",,,"0","2","0","0","0","0","0",,"0"
"5","5","3071","14684","1007006","1","变更人","變更人","Changed by","FChangeUser","FChangeUser","PORFQ",,"5","2","3071","1","true","false","1",,"7","9",,"FUserID","t_User","t_User2","FName","FName","1",,,"56","500","255","4",,"0",,"false",,,"10241","615","375","2145","9,14,15","5","-1","false","0","6","0",,"8209",,"4",,,"0","2","0","1000","0","0","0",,"0"
"34","71","2047","26390","1007006","2","接受客户目标价","核取方塊","Check Box","FCheckBox","FCheckBox","PORFQEntry",,"71","2","2047","0","true","false","4",,"0","0",,,,,,,"1",,,"104","501","255","1",,,"ClearFieldValue{FCheckBox,FCheckBox1,FDecimal14}|Calculate{FDecimal14=FDecimal13}:{FCheckBox=1}|Calculate{FDescount=100-100*FDecimal22/(1-FDecimal14/100)*(1+FCess/100)/(1-FDecimal1/100)/FAuxPriceIncludeTax/FDecimal5}:{FCheckBox=1}|Calculate{FDiscountAmt=FAuxQty*FAuxPriceIncludeTax*FDescount/100}:{FCheckBox=1}|Calculate{FAmountIncludeTax=FDecimal10}:{FCheckBox=1}|Calculate{FAuxTaxPriceDiscount=FDecimal10}:{FCheckBox=1}|Calculate{FDecimal15=FDecimal11}:{FCheckBox=1}|TrigAction{FDecimal23,FDecimal24,FAuxPriceIncludeTax}:{(FCheckBox=0) and (FCheckBox1=0)}","true",,,"5911","5575","500","1635","7","34","19","false","0","1","0",,"24577","FontName=楷体_GB2312|FontSize=10|FontBold=False|FontItalic=False|","11",,,"0","2","0","0","0","0","0",,"0"
"35","72","2047","26391","1007006","2","维持成交价格","核取方塊1","Check Box1","FCheckBox1","FacceptNowPrice","PORFQEntry",,"72","2","2047","0","true","false","4",,"0","0",,,,,,,"1",,,"104","501","255","1",,,"ClearFieldValue{FCheckBox1,FCheckBox,FDecimal14}|Calculate{FDecimal14=FDecimal9}:{FCheckBox1=1}|Calculate{FDescount=100-100*FDecimal22/(1-FDecimal14/100)*(1+FCess/100)/(1-FDecimal1/100)/FAuxPriceIncludeTax/FDecimal5}:{FCheckBox1=1}|Calculate{FDiscountAmt=FAuxQty*FAuxPriceIncludeTax*FDescount/100}:{FCheckBox1=1}|Calculate{FAmountIncludeTax=FAuxPriceIncludeTax}:{FCheckBox1=1}|Calculate{FAuxTaxPriceDiscount=FAuxPriceIncludeTax
}:{FCheckBox1=1}|Calculate{FDecimal15=FDecimal7}:{FCheckBox1=1}|TrigAction{FDecimal23,FDecimal24,FAuxPriceIncludeTax}:{FCheckBox=0 and FCheckBox1=0}","true",,,"5911","5575","500","1530","7","35","19","false","0","1","0",,"24577","FontName=楷体_GB2312|FontSize=10|FontBold=False|FontItalic=False|","11",,,"0","2","0","0","0","0","0",,"0"
"27","27","3071","13958","1007006","1","审核日期","審核日期","Approval Date","FCheckDate","FCheckDate","PORFQ",,"27","2","3071","0","true","false","0",,"0","0",,,,,,,"1",,,"61","0","8","8",,,,"false",,,"1948","7185","375","1290","2,13","27","-1","false","3","23","0",,"8194",,"0",,,"0","2","0","1000","0","0","0",,"0"
"26","26","3071","13957","1007006","1","审核","審核","Approve","FCheckerID","FCheckerID","PORFQ",,"26","2","3071","1","true","false","1",,"7","9",,"FUserID","t_User",,"FName","fname","1",,,"56","500","255","4",,,,"false",,,"105","7185","375","1290","9,14,15","26","-1","false","0","6","0",,"8195",,"4",,,"1000000","2","0","750","0","0","0",,"0"
"48","83","3071","13997","1007006","2","源单类型","源單類型","Source Doc Type","FClassID_SRC","FSourceTranType","PORFQEntry",,"83","0","3071","0","true","false","8","FID_SRC","11","1",,"FID","ICClassType","ICClassType1","FName","FName","1",,,"56","500","255","4",,,,"false",,"SRCCLASSTYPE","0","0","350","1080","11","48","-1","false","0","10","0",,"8240",,"0",,,"0","0","0","0","0","0","0",,"0"
"11","114","0","13959","1007006","1","事务类型","事務類型","Tran.Type","FClassTypeID","FClassTypeID","PORFQ",,"114","2","0","1","true","false","1",,"0","0",,"FID","ICClassType",,"FName","FName","1",,,"56","500","255","4",,,,"false",,"CLASSTYPEID","240","120","405","2535","-1","11","16","false","0","0","0",,"12289",,"0",,,"0","2","0","0","0","0","0",,"0"
"47","82","2047","22574","1007006","2","价格政策","价格政策","Price System","FComboBox","FPriceSystemID","PORFQEntry",,"82","2","2047","0","true","false","8",,"0","9999","SQL{ SELECT FInterID,FName  FROM ICPrcPly}","FInterID","ICPrcPly",,"FName",,"1",,,"231","500","255","255",,,,"true",,,"120","1695","350","1185","5","47","24","false","0","0","0",,"24631",,"9",,,"0","2","0","0","0","0","0",,"0"
"40","40","12","19886","1007006","1","制单来源","制單來源","Preparation Source","FCreateFrom","FCreateFrom","PORFQ",,"40","2","12","0","true","false","8",,"0","0","VALUELIST{1=CRM,0=GUI}",,,,,,"1",,,"231","500","255","255",,"0",,"false",,,"7725","7710","240","1800","5","40","16","false","0","0","0",,"24599",,"9",,,"0","2","0","0","0","0","0",,"0"
"13","13","4095","13953","1007006","1","币别","幣別","Currency","FCurrencyID","FCurrencyID","PORFQ",,"13","2","4095","0","true","true","1",,"5","120",,"FCurrencyID","t_Currency",,"FName","FNumber","1",,"0","56","500","255","4",,,"TrigAction{FBase4,FDecimal23,FDecimal24}","false",,,"2639","1812","375","2145","0","13","20","false","0","10","0","LockField{FCurrencyID=1,FExchangeRate=1,FExchangeRate=0,ClearFieldValue=0}","13843",,"1",,,"0","2","0","1000","0","0","0",,"0"
"8","8","4095","13950","1007006","1","购货单位","購貨單位","Customer","FCustID","FCustID","PORFQ",,"8","2","4095","0","true","true","1",,"1","1",,"FItemID","t_Organization",,"FName","FNumber","1",,"0","56","500","255","4",,,"TakeBaseData{FCURRENCYID=FCYID,FBASEPROPERTY2}:{ME.FCyID<>0}|TakeBaseData{FPayCondition=FPayCondition,FDecimal2=F_116,FDecimal6=F_122,FDecimal=F_121,FDecimal1=F_115,FBase2=F_124}|TakeBaseData{FDEPTID=FDEPARTMENT,FEMPID=FEMPLOYEE}|BOSSer_GetTaxRate{Para=[P_SystemType=1,P_CompanyID=FCustID,P_ICItemID=FItemNumber,P_TaxRateOption=0];Return=[P_TaxRate=FCess];BOSAction=[BSA_FillRowType=-2,BSA_ReadRowType=-2]}","false",,,"105","1024","375","2145","0","8","20","false","0","10","0",,"13843",,"1",,,"0","2","0","1000","0","0","0",,"0"
"71","103","12","14005","1007006","2","客户物料名称","客戶物料名稱","Customer Material Name","FCustMtrlName","FCustMtrlName","PORFQEntry",,"103","0","12","0","true","false","1",,"0","0",,,,,"FName",,"1",,,"231","500","255","255",,,,"false",,,"0","0","350","1140","0,13","71","20","false","0","0","0",,"12306",,"0",,,"0","2","0","0","0","0","0",,"0"
"72","104","12","14006","1007006","2","客户物料图号","客戶物料圖號","Customer Drawing No.","FCustMtrlNo","FCustMtrlNo","PORFQEntry",,"104","0","12","0","true","false","1",,"0","0",,,,,"FName",,"1",,,"231","500","255","255",,,,"false",,,"0","0","350","1170","0,13","72","20","false","0","0","0",,"12306",,"0",,,"0","2","0","0","0","0","0",,"0"
"1","1","4095","13949","1007006","1","日期","日期","Date","FDate","FDate","PORFQ",,"1","2","4095","0","true","true","0",,"0","0",,,,,,,"1",,,"61","0","8","8",,,,"false",,,"11163","7185","375","1290","2,13","1","20","false","3","23","0",,"13842",,"0",,,"0","2","0","1000","0","0","0",,"0"
"44","79","2047","22577","1007006","2","生效日期","生效日期","FBegDate","FDate1","FBegDate","PORFQEntry",,"79","2","2047","0","true","true","0",,"0","0",,,,,,,"1",,,"61","0","8","8",,,,"true",,,"0","0","350","1365","2,13","44","24","false","3","23","0",,"24593",,"0",,,"0","2","0","0","0","0","0",,"0"
"45","80","2047","22578","1007006","2","失效日期","失效日期","FEndDate","FDate2","FEndDate","PORFQEntry",,"80","2","2047","0","true","true","0",,"0","0",,,,,,,"1",,,"61","0","8","8",,,,"true",,,"0","0","350","1215","2,13","45","24","false","3","23","0",,"24593",,"0",,,"0","2","0","0","0","0","0",,"0"
"21","21","2047","26353","1007006","1","质量赔偿金折扣率% ","小數5","Decimal5","FDecimal","FUncountRateQulity","PORFQ",,"21","2","2047","0","true","false","2",,"0","0","Min=-9999999999999.9999999999 | Max=9999999999999.9999999999",,,,,,"1",,,"106","9","20","13",,,,"true",,,"7707","1409","375","2145","1,13","21","24","false","28","2","0",,"24593","FontName=楷体_GB2312|FontSize=9|FontBold=False|FontItalic=True|","0",,,"0","2","0","0","16711680","0","0",,"0"
"22","22","2047","26354","1007006","1","返点%             ","小數6","Decimal6","FDecimal1","FUncountRateReturn","PORFQ",,"22","2","2047","0","true","false","2",,"0","0","Min=-9999999999999.9999999999 | Max=9999999999999.9999999999",,,,,,"1",,,"106","9","20","13",,,,"true",,,"7707","1806","375","2145","1,13","22","24","false","28","2","0",,"24593","FontName=楷体_GB2312|FontSize=9|FontBold=False|FontItalic=True|","0",,,"0","2","0","0","16711680","0","0",,"0"
"27","64","2047","26365","1007006","2","客户含税目标价(扣除质保金)","小數25","Decimal24","FDecimal10","FCustGoalUninclQGPric","PORFQEntry",,"64","2","2047","0","true","false","2",,"0","0","Min=-9999999999999.9999999999 | Max=9999999999999.9999999999",,,,,,"1",,,"106","9","20","13",,,"Calculate{FDecimal11=FDecimal10/(1-FDecimal/100)}","true",,,"0","0","350","900","1,13","27","-1","false","28","4","0",,"24593","FontName=宋体|FontSize=9|FontBold=True|FontItalic=False|","0",,,"0","2","0","0","0","0","0",,"0"
"28","65","2047","26366","1007006","2","客户含税目标价(含质保金)","小數12","Decimal11","FDecimal11","FpricByCustom","PORFQEntry",,"65","2","2047","0","true","false","2",,"0","0","Min=-9999999999999.9999999999 | Max=9999999999999.9999999999",,,,,,"1",,,"106","9","20","13",,,"Calculate{FDecimal12=FDecimal11*FDecimal5*(1-FDecimal/100)*(1-FDecimal1/100)/(1+FCess/100)-FDecimal22}|Calculate{FDecimal13=100-100*FDecimal22*(1+FCess/100)/(FDecimal11*(1-FDecimal/100)*(1-FDecimal1/100)*FDecimal5)}|Calculate{FDecimal10=FDecimal11*(1-FDecimal/100)}","true",,,"0","0","350","990","1,13","28","24","false","28","4","0",,"25105","FontName=宋体|FontSize=9|FontBold=True|FontItalic=False|","0",,,"0","2","0","0","0","0","0",,"0"
"29","66","2047","26367","1007006","2","目标价利润（扣除质保金和返点）","小數13","Decimal12","FDecimal12","FGainByCustom","PORFQEntry",,"66","2","2047","0","true","false","2",,"0","0","Min=-9999999999999.9999999999 | Max=9999999999999.9999999999",,,,,,"1",,,"106","9","20","13",,,,"true",,,"0","0","350","810","1,13","29","-1","false","28","2","0",,"24593","FontName=宋体|FontSize=9|FontBold=True|FontItalic=False|","0",,,"0","2","0","0","0","0","0",,"0"
"30","67","2047","26368","1007006","2","目标价利润率%","小數14","Decimal13","FDecimal13","FrateByCustom","PORFQEntry",,"67","2","2047","0","true","false","2",,"0","0","Min=-9999999999999.9999999999 | Max=9999999999999.9999999999",,,,,,"1",,,"106","9","20","13",,,,"true",,,"0","0","350","750","1,13","30","-1","false","28","2","0",,"24593","FontName=宋体|FontSize=9|FontBold=True|FontItalic=False|","0",,,"0","2","0","0","0","0","0",,"0"
"36","73","2047","26369","1007006","2","公司最终报价利润率%","小數18","Decimal17","FDecimal14","FrateGainByComFinalPric","PORFQEntry",,"73","2","2047","0","true","false","2",,"0","0","Min=-9999999999999.9999999999 | Max=9999999999999.9999999999",,,,,,"1",,,"106","9","20","13",,,"ClearFieldValue{FDecimal14,FCheckBox,FCheckBox1}|Calculate{FDescount=100-100*FDecimal22/(1-FDecimal14/100)*(1+FCess/100)/(1-FDecimal1/100)/FAuxPriceIncludeTax/FDecimal5}|Calculate{FDiscountAmt=FAuxQty*FAuxPriceIncludeTax*FDescount/100}|Calculate{FAuxTaxPriceDiscount=FAuxPriceIncludeTax*(1-FDescount/100)}|Calculate{FDecimal15=FAuxPriceIncludeTax*(1-FDescount/100)/(1-FDecimal/100)}|TrigAction{FAuxPrice}","true",,,"0","0","350","1860","1,13","36","19","false","28","2","0",,"24577","FontName=楷体_GB2312|FontSize=10|FontBold=False|FontItalic=False|","0",,,"0","2","0","0","0","0","0",,"0"
"42","76","2047","26370","1007006","2","实际含税单价（含质保金）","小數26","Decimal25","FDecimal15","FAuxTaxIncQGPrice","PORFQEntry",,"76","2","2047","0","true","false","2",,"0","0","Min=-9999999999999.9999999999 | Max=9999999999999.9999999999",,,,,,"1",,,"106","9","20","13",,,,"true",,,"0","0","350","2500","1,13","42","24","false","28","4","0",,"24593","FontName=宋体|FontSize=9|FontBold=True|FontItalic=False|","0",,,"0","2","0","0","0","0","0",,"0"
"51","86","2047","26371","1007006","2","体积/抛重","小數","Decimal","FDecimal16","Fsize","PORFQEntry",,"86","2","2047","0","true","false","2",,"0","0","Min=-9999999999999.9999999999 | Max=9999999999999.9999999999",,,,,,"1",,,"106","9","20","13",,,,"true",,,"0","0","350","1125","1,13","51","24","false","28","6","0",,"24593","FontName=楷体_GB2312|FontSize=9|FontBold=True|FontItalic=True|","0",,,"0","2","0","0","0","0","0",,"0"
"53","88","2047","26372","1007006","2","运费单价(不含税）","小數2","Decimal2","FDecimal17","Ftranprice","PORFQEntry",,"88","2","2047","0","true","false","2",,"0","0","Min=-9999999999999.9999999999 | Max=9999999999999.9999999999",,,,,,"1",,,"106","9","20","13",,,,"true",,,"0","0","350","990","1,13","53","24","false","28","4","0",,"24593","FontName=楷体_GB2312|FontSize=9|FontBold=True|FontItalic=True|","0",,,"0","2","0","0","0","0","0",,"0"
"54","89","2047","26373","1007006","2","运费（不含税）","小數3","Decimal3","FDecimal18","Ftranamt","PORFQEntry",,"89","2","2047","0","true","false","2",,"0","0","Min=-9999999999999.9999999999 | Max=9999999999999.9999999999",,,,,,"1",,,"106","9","20","13",,,,"true",,,"0","0","350","1215","1,13","54","24","false","28","6","0",,"24593","FontName=楷体_GB2312|FontSize=9|FontBold=True|FontItalic=True|","0",,,"0","2","0","0","0","0","0",,"0"
"57","90","2047","26374","1007006","2","出厂成本_不含运费","小數7","Decimal7","FDecimal19","FStdCOST","PORFQEntry",,"90","2","2047","0","true","false","2",,"0","0","Min=-9999999999999.9999999999 | Max=9999999999999.9999999999",,,,,,"1",,,"106","9","20","13",,,,"true",,,"0","0","350","1125","1,13","57","24","false","28","4","0",,"24593","FontName=宋体|FontSize=9|FontBold=False|FontItalic=True|","0",,,"0","2","0","0","0","0","0",,"0"
"23","23","2047","26356","1007006","1","标准利润率%   ","小數8","Decimal8","FDecimal2","FDecimal2","PORFQ",,"23","2","2047","0","true","false","2",,"0","0","Min=-9999999999999.9999999999 | Max=9999999999999.9999999999",,,,,,"1",,,"106","9","20","13",,,"TrigAction{FDecimal23,FDecimal24}","true",,,"7707","2203","375","2145","1,13","23","24","false","28","2","0",,"24593","FontName=楷体_GB2312|FontSize=9|FontBold=False|FontItalic=True|","0",,,"0","2","0","0","16711680","0","0",,"0"
"58","91","2047","26375","1007006","2","账期财务成本","小數9","Decimal9","FDecimal20","FcostFinance","PORFQEntry",,"91","2","2047","0","true","false","2",,"0","0","Min=-9999999999999.9999999999 | Max=9999999999999.9999999999",,,,,,"1",,,"106","9","20","13",,,,"true",,,"0","0","350","930","1,13","58","24","false","28","4","0",,"24593","FontName=宋体|FontSize=9|FontBold=False|FontItalic=True|","0",,,"0","2","0","0","0","0","0",,"0"
"60","92","2047","26376","1007006","2","木托盘缠绕膜成本","小數21","Decimal20","FDecimal21","FcostChanRaoMe","PORFQEntry",,"92","2","2047","0","true","false","2",,"0","0","Min=-9999999999999.9999999999 | Max=9999999999999.9999999999",,,,,,"1",,,"106","9","20","13",,,,"true",,,"0","0","350","960","1,13","60","24","false","28","4","0",,"24593","FontName=宋体|FontSize=9|FontBold=False|FontItalic=True|","0",,,"0","2","0","0","0","0","0",,"0"
"61","93","2047","26377","1007006","2","总成本","小數23","Decimal22","FDecimal22","FsumCost","PORFQEntry",,"93","2","2047","0","true","false","2",,"0","0","Min=-9999999999999.9999999999 | Max=9999999999999.9999999999",,,,,,"1",,,"106","9","20","13",,,,"true",,,"0","0","350","1140","1,13","61","24","false","28","4","0",,"24593","FontName=宋体|FontSize=9|FontBold=False|FontItalic=True|","0",,,"0","2","0","0","0","0","0",,"0"
"62","94","2047","26378","1007006","2","RMB产品控制利润率%","小數15","Decimal14","FDecimal23","FrateGainByPrdCTLRMB","PORFQEntry",,"94","2","2047","0","true","false","2",,"0","0","Min=-9999999999999.9999999999 | Max=9999999999999.9999999999",,,,,,"1",,,"106","9","20","13",,,"Calculate{FDecimal14=FDecimal2}:{FCurrencyID=1 and FDecimal2>=FDecimal23}|Calculate{FDecimal14=FDecimal23}:{FCurrencyID=1 and FDecimal2<FDecimal23}","true",,,"0","0","350","1170","1,13","62","24","false","28","2","0",,"24593","FontName=宋体|FontSize=9|FontBold=False|FontItalic=True|","0",,,"0","2","0","0","0","0","0",,"0"
"63","95","2047","26379","1007006","2","USD产品控制利润率%","小數16","Decimal15","FDecimal24","FrateGainByPrdCTLUSD","PORFQEntry",,"95","2","2047","0","true","false","2",,"0","0","Min=-9999999999999.9999999999 | Max=9999999999999.9999999999",,,,,,"1",,,"106","9","20","13",,,"Calculate{FDecimal14=FDecimal2}:{FCurrencyID=1000 and FDecimal2>=FDecimal24}|Calculate{FDecimal14=FDecimal24}:{FCurrencyID=1000 and FDecimal2<FDecimal24}","true",,,"0","0","350","990","1,13","63","24","false","28","2","0",,"24593","FontName=宋体|FontSize=9|FontBold=False|FontItalic=True|","0",,,"0","2","0","0","0","0","0",,"0"
"32","69","2047","26380","1007006","2","产品累计销售数量","小數19","Decimal18","FDecimal25","FsaledQtyByModel","PORFQEntry",,"69","2","2047","0","true","false","2",,"0","0","Min=-9999999999999.9999999999 | Max=9999999999999.9999999999",,,,,,"1",,,"106","9","20","13",,,,"true",,,"0","0","350","870","1,13","32","24","false","28","2","0",,"24593","FontName=宋体|FontSize=9|FontBold=True|FontItalic=False|","0",,,"0","2","0","0","0","0","0",,"0"
"31","68","2047","26381","1007006","2","客户累计销售数量","小數20","Decimal19","FDecimal26","FsaledQtyByCust","PORFQEntry",,"68","2","2047","0","true","false","2",,"0","0","Min=-9999999999999.9999999999 | Max=9999999999999.9999999999",,,,,,"1",,,"106","9","20","13",,,,"true",,,"0","0","350","720","1,13","31","24","false","28","2","0",,"24593","FontName=宋体|FontSize=9|FontBold=True|FontItalic=False|","0",,,"0","2","0","0","0","0","0",,"0"
"24","24","2047","26357","1007006","1","上海有色金属网铝锭期货价格：","小數1","Decimal1","FDecimal3","FAiFurPriceShanghai","PORFQ",,"24","2","2047","0","true","false","2",,"0","0","Min=-9999999999999.9999999999 | Max=9999999999999.9999999999",,,,,,"1",,,"106","9","20","13",,,,"true",,,"10241","2251","375","2145","1,13","24","24","false","28","2","0",,"24593","FontName=楷体_GB2312|FontSize=9|FontBold=False|FontItalic=True|","0",,,"0","2","0","0","16711680","0","0",,"0"
"20","20","2047","26358","1007006","1","贷款年利率%       ","小數17","Decimal16","FDecimal4","FDecimal4","PORFQ",,"20","2","2047","0","true","false","2",,"0","0","Min=-9999999999999.9999999999 | Max=9999999999999.9999999999",,,,,,"1",,,"106","9","20","13",,,"TrigAction{FAuxPrice}","true",,,"7707","1012","375","2145","1,13","20","24","false","28","2","0",,"24593","FontName=楷体_GB2312|FontSize=9|FontBold=False|FontItalic=True|","0",,,"0","2","0","0","16711680","0","0",,"0"
"18","18","2047","26360","1007006","1","报价汇率    ","小數4","Decimal4","FDecimal5","FqutoeExchRate","PORFQ",,"18","2","2047","0","true","false","2",,"0","0","Min=-9999999999999.9999999999 | Max=9999999999999.9999999999",,,,,,"1",,,"106","9","20","13",,,,"true",,,"5173","2187","375","2145","1,13","18","19","false","28","2","0",,"24593","FontName=楷体_GB2312|FontSize=9|FontBold=False|FontItalic=True|","0",,,"0","2","0","0","16711680","0","0",,"0"
"16","16","2047","26361","1007006","1","客户账期（天）","小數22","Decimal21","FDecimal6","FCustPayDelay","PORFQ",,"16","2","2047","0","true","false","2",,"0","0","Min=-9999999999999.9999999999 | Max=9999999999999.9999999999",,,,,,"1",,,"106","9","20","13",,,"TrigAction{FAuxPrice}","true",,,"5173","1401","375","2145","1,13","16","24","false","28","0","0",,"24593","FontName=楷体_GB2312|FontSize=9|FontBold=False|FontItalic=True|","0",,,"0","2","0","0","16711680","0","0",,"0"
"19","58","2047","26362","1007006","2","含税单价（含质保金）","小數24","Decimal23","FDecimal7","FTaxIncQGPrice","PORFQEntry",,"58","2","2047","0","true","false","2",,"0","0","Min=-9999999999999.9999999999 | Max=9999999999999.9999999999",,,,,,"1",,,"106","9","20","13",,,,"true",,,"0","0","350","1575","1,13","19","24","false","28","4","0",,"24593","FontName=宋体|FontSize=10|FontBold=False|FontItalic=False|","0",,,"0","2","0","0","0","0","0",,"0"
"23","62","2047","26363","1007006","2","利润","小數10","fGain","FDecimal8","FGain","PORFQEntry",,"62","2","2047","0","true","false","2",,"0","0","Min=-9999999999999.9999999999 | Max=9999999999999.9999999999",,,,,,"1",,,"106","9","20","13",,,,"true",,,"0","0","350","915","1,13","23","24","false","28","2","0",,"24593","FontName=宋体|FontSize=9|FontBold=False|FontItalic=False|","0",,,"0","2","0","0","0","0","0",,"0"
"26","63","2047","26364","1007006","2","利润率%","小數11","Decimal10","FDecimal9","FrateGain","PORFQEntry",,"63","2","2047","0","true","false","2",,"0","0","Min=-9999999999999.9999999999 | Max=9999999999999.9999999999",,,,,,"1",,,"106","9","20","13",,,,"true",,,"0","0","350","945","1,13","26","24","false","28","2","0",,"24593","FontName=宋体|FontSize=9|FontBold=False|FontItalic=False|","0",,,"0","2","0","0","0","0","0",,"0"
"28","28","4095","13960","1007006","1","部门","部門","Dept","FDeptID","FDeptID","PORFQ",,"28","2","4095","0","true","true","1",,"1","2",,"FItemID","t_Department",,"FName","FNumber","1",,"0","56","500","255","4",,,,"false",,,"3791","7185","375","1290","0,17","28","20","false","0","10","0",,"13843",,"1",,,"0","2","0","750","0","0","0",,"0"
"39","74","3071","13990","1007006","2","折扣率(%)","折扣率(%)","Discount Rate(%)","FDescount","FDescount","PORFQEntry",,"74","0","3071","0","true","false","2",,"0","0","Min= | Max=100",,,,,,"1",,,"106","9","13","13",,,"Calculate{FAuxTaxPriceDiscount=FAuxPriceIncludeTax*(1-FDescount/100)}|Calculate{FAmount=FAuxQty*FAuxPriceIncludeTax*(1-FDescount/100)/(1+FCess/100)}|Calculate{FDiscountAmt=FAuxQty*FAuxPriceIncludeTax*FDescount/100}|Calculate{FTaxAmount=FAuxQty*FAuxPriceIncludeTax*(1-FDescount/100)/(1+FCess/100)*FCess/100}|Calculate{FAmountIncludeTax=FAmount+FTaxAmount}","false",,,"0","0","350","900","1,13","39","-1","false","13","10","0",,"12306","FontName=宋体|FontSize=9|FontBold=True|FontItalic=False|","0",,,"0","2","0","0","0","0","0",,"0"
"-1","110","0","13969","1007006","2","分录内码","分錄內碼","Entry ISN","FDetailID2","FDetailID","PORFQEntry",,"110","0","0","1","false","false","3",,"0","0",,,,,,,"1",,,"56","500","255","4",,,,"false",,"ENTRYKEY","240","120","350","1800","-1","-1","16","false","0","0","0",,"12289",,"0",,,"0","0","0","0","0","0","0",,"0"
"36","36","3071","25260","1007006","1","整单折扣额","整單折扣額","Addl Disc. Amt","FDisCount","FDisCount","PORFQ",,"36","0","3071","1","true","false","2",,"0","0","Min=0",,,,,,"1",,,"106","6","28","13",,,"Calculate{FDisCountRateH=0}","false",,"AMOUNT","9110","55","465","2825","0,13","36","4","true","28","2","0",,"16",,"0",,,"0","2","0","1000","0","0","0","FTab,0","0"
"40","75","3071","13991","1007006","2","折扣额","折扣額","Discount Amount","FDiscountAmt","FDiscountAmt","PORFQEntry",,"75","0","3071","0","true","false","2","FCurrencyID","0","0",,,,,,,"1",,,"106","6","13","13",,,,"false",,"AMOUNT","0","0","350","915","1,13","40","-1","true","13","2","0",,"8208","FontName=宋体|FontSize=9|FontBold=True|FontItalic=False|","0",,,"0","2","0","0","0","0","0",,"0"
"35","35","3071","25261","1007006","1","整单折扣率(%)","整單折扣率(%)","Addl Disc. Rate (%)","FDisCountRateH","FDisCountRate","PORFQ",,"35","0","3071","1","true","false","2",,"0","0","Min=0 | Max=100",,,,,,"1",,,"106","9","28","13",,,,"false",,,"3689","55","465","2025","1,13","35","4","false","28","2","0",,"16",,"0",,,"0","2","0","1000","0","0","0","FTab,0","0"
"30","30","4095","13962","1007006","1","业务员","業務員","Biz. Rep.","FEmpID","FEmpID","PORFQ",,"30","2","4095","0","true","true","1",,"1","3",,"FItemID","t_Emp","t_Emp2","FName","FNumber","1",,,"56","500","255","4",,,,"false",,,"7477","7185","375","1290","0,16","30","20","false","0","10","0",,"13843",,"1",,,"0","2","0","750","0","0","0",,"0"
"65","97","2574","13999","1007006","2","源单分录","源單分錄","Source Document Entry","FEntryID_SRC","FSourceEntryID","PORFQEntry",,"97","0","2574","0","true","false","3","FID_SRC","0","0",,,,,,,"1",,,"56","10","10","4",,,,"false",,"SRCENTRYID","0","0","350","450","-1","65","-1","false","0","10","0",,"8240",,"0",,,"0","0","0","0","0","0","0",,"0"
"-1","111","0","13970","1007006","2","行号","行號","Row No.","FEntryID2","FEntryID","PORFQEntry",,"111","0","0","1","true","false","3",,"0","0",,,,,,,"1",,,"56","500","255","4",,,,"false",,"INDEX","240","120","350","1800","-1","-1","-1","false","0","0","0",,"8192",,"0",,,"0","0","0","0","0","0","0",,"0"
"76","108","12","14686","1007006","2","分录编号","分錄編號","Entry No.","FEntryNo","FEntryNo","PORFQEntry",,"108","0","12","0","true","false","3",,"0","0",,,,,,,"1",,,"56","10","10","4",,"0",,"false",,,"0","0","350","1470","1,13","76","-1","false","0","0","0",,"8208",,"0",,,"0","2","0","0","0","0","0",,"1"
"14","14","4095","13956","1007006","1","汇率","匯率","Exchange Rate","FExchangeRate","FExchangeRate","PORFQ",,"14","2","4095","0","true","false","2",,"0","0","Min=0",,,,,,"1",,,"106","9","8","8","Vertify{FExchangeRate>0,CHS=汇率必须大于0!@CHT=匯率必須大於0!@EN=Exchange rate must be greater than 0 !@,0}","1",,"false",,,"2639","2211","375","2145","1,13","14","16","false","53","10","0",,"12818",,"0",,,"0","2","0","1000","0","0","0",,"0"
"12","12","1023","17360","1007006","1","汇率类型","匯率類型","Exchange Rate Type","FExchangeRateType","FExchangeRateType","PORFQ",,"12","2","1023","0","true","true","1",,"3","1014001",,"FID","v_BASE_ExRateType",,"FName","FNumber","1",,"0","56","500","255","4",,,,"false",,,"2639","1413","375","2145","0","12","20","false","0","0","0",,"30225",,"1",,,"0","2","0","1000","0","0","0",,"0"
"66","98","12","14000","1007006","2","源单内码","源單內碼","Source Doc. ISN","FID_SRC","FSourceInterId","PORFQEntry",,"98","0","12","0","true","false","3",,"0","0",,,,,,,"1",,,"56","10","10","4",,,,"false",,"SRCID","0","0","350","465","-1","66","-1","false","0","10","0",,"8240",,"0",,,"0","0","0","0","0","0","0",,"0"
"5","115","0","13952","1007006","1","内码","內碼","ISN","FInterID","FInterID","PORFQ",,"115","2","0","1","true","false","3",,"0","0",,,,,,,"1",,,"56","500","255","4",,,,"false",,"PRIMARY","240","120","405","2535","-1","5","16","false","0","0","0",,"12289",,"0",,,"0","2","0","0","0","0","0",,"0"
"-1","109","0","13968","1007006","2","单据内码","單據內碼","Doc ISN","FInterID2","FInterID","PORFQEntry",,"109","0","0","1","true","true","3",,"0","0",,,,,,,"1",,,"56","500","255","4",,,,"false",,"PARENTID","240","120","350","1800","-1","-1","16","false","0","0","0",,"12289",,"0",,,"0","0","0","0","0","0","0",,"0"
"8","47","2047","13974","1007006","2","物料名称","物料名稱","Material Name","FItemName","FItemID","PORFQEntry",,"47","0","2047","0","false","false","1",,"0","4",,"FItemID","t_ICItem",,"FName",,"3",,,"167","500","255","0",,,,"false",,,"0","0","0","1335","0","8","-1","false","0","0","0",,"8240",,"2",,,"0","2","0","0","0","0","0",,"0"
"7","46","4095","13973","1007006","2","物料代码","物料代碼","Material Code","FItemNumber","FItemID","PORFQEntry",,"46","0","4095","0","true","true","1",,"1","4",,"FItemID","t_ICItem",,"FNumber","FNumber","1",,"0","56","500","255","4",,,"TakeBaseData{FITEMNAME,FMODEL,FBASEUNIT,FUNITID=FSALEUNITID,FBASEPROPERTY,FBASEPROPERTY1,FDECIMAL19=FSTANDARDCOST,FDECIMAL23=F_171,FDECIMAL24=F_175}|SetDecimal{FAuxQty,FPrice1,FAuxPrice,FQty,FAuxPriceIncludeTax,FPrice,FQtyFrom,FQtyTo,FAuxTaxPriceDiscount,FAuxQtyFrom,FAuxQtyTo,FSelfDefinePrice1,FSelfDefinePrice2,FSelfDefinePrice3,FSelfDefinePrice4}|LockField{ME.FAuxClassID=0,FAuxPropID=1,FAuxPropID=0}|BOSSer_GetTaxRate{Para=[P_SystemType=1,P_CompanyType=0,P_CompanyID=FCustID,P_ICItemID=FItemNumber];Return=[P_TaxRate=FCess];BOSAction=[BSA_FillRowType=-1,BSA_ReadRowType=-1]}|BOSSer_GetStockQtyAndSecurityQty{FItemID=FItemNumber,FStockID=,FBathNo=,FAuxProperty=FAuxPropID,FUnitID=FUnitID,FSPID=,FKFDate=,FKFPeriod=}","false",,,"5158","7738","346","1260","0","7","24","false","0","10","0","SetDecimal{FAUXPRICE,FAUXQTY,FAUXQTYFROM,FAUXQTYTO,FAUXPRICEINCLUDETAX,FAUXTAXPRICEDISCOUNT,FSELFDEFINEPRICE1,FSELFDEFINEPRICE2,FSELFDEFINEPRICE3,FSELFDEFINEPRICE4,FPRICE,FQTY,FQTYFROM,FQtyTo}|LockField{ME.FAuxClassID=0,FAuxPropID=1,FAuxPropID=0}","13847",,"1",,,"0","2","0","0","0","0","0",,"0"
"29","29","4095","13961","1007006","1","主管","主管","Supervisor","FMangerID","FMangerID","PORFQ",,"29","2","4095","0","true","false","1",,"1","3",,"FItemID","t_Emp","t_Emp1","FName","FNumber","1",,,"56","500","255","4",,,,"false",,,"5634","7185","375","1290","0,16","29","20","false","0","10","0",,"12819",,"1",,,"0","2","0","750","0","0","0",,"0"
"-1","113","0","13972","1007006","2","对应名称","對應名稱","Corresponding Name","FMapName","FMapID","PORFQEntry",,"113","0","0","0","false","false","1",,"0","1007103",,"FID","v_CToIMappingGrp",,"FName",,"3",,,"167","500","255","0",,,,"false",,,"0","0","0","1230","0","-1","-1","false","0","0","0",,"8240",,"2",,,"0","2","0","0","0","0","0",,"0"
"-1","112","0","13971","1007006","2","对应代码","對應代碼","Corresponding Code","FMapNumber","FMapID","PORFQEntry",,"112","0","0","0","true","false","1",,"3","1007103",,"FID","v_CToIMapping",,"FNumber","FNumber","1",,,"56","500","255","4",,,,"false",,,"5158","7738","346","1185","0","-1","20","false","0","10","0",,"12305",,"1",,,"0","2","0","0","0","0","0",,"0"
"9","48","2047","13975","1007006","2","规格型号","規格型號","Specification","FModel","FItemID","PORFQEntry",,"48","0","2047","0","false","false","1",,"0","4",,"FItemID","t_ICItem",,"FModel",,"3",,,"167","500","255","0",,,,"false",,,"0","0","0","1185","0","9","-1","false","0","0","0",,"8240",,"2",,,"0","2","0","0","0","0","0",,"0"
"73","105","782","14007","1007006","2","行关闭标志","行關閉標誌","Row Close Flag","FMRPClosed","FMRPClosed","PORFQEntry",,"105","0","782","0","true","false","8",,"0","0","VALUELIST{1=Y}",,,,,,"1",,,"48","500","1","1",,,,"false",,,"120","1695","350","630","5","73","-1","false","3","0","0",,"8242",,"9",,,"0","2","0","0","0","0","0",,"0"
"64","96","3071","13996","1007006","2","备注","备注","Remarks","FNOTE","FNote","PORFQEntry",,"96","0","3071","0","true","false","1",,"0","0",,,,,,,"1",,,"231","500","255","255",,,,"false",,,"0","0","350","780","0,13","64","24","false","0","0","0",,"12816",,"0",,,"0","2","0","0","0","0","0",,"0"
"33","70","2047","26382","1007006","2","公司价格体系备注","備註","Remarks1","FNOTE1","FnoteFromComPly","PORFQEntry",,"70","2","2047","0","true","false","999",,"0","0",,,,,,,"0",,,"231","500","255","255",,,,"true",,,"0","0","0","1080","0,13","33","24","false","0","0","0",,"24631","FontName=宋体|FontSize=9|FontBold=True|FontItalic=False|","0",,,"0","2","0","0","0","0","0",,"0"
"15","15","3071","13951","1007006","1","收款条件 ","收款條件","Collection Terms","FPayCondition","FPayCondition","PORFQ",,"15","2","3071","0","true","false","1",,"3","1007737",,"FID","t_PayColConditionEntry",,"FName","FNumber","1",,"0","56","500","255","4",,,,"false",,,"5173","1008","375","2145","0","15","16","false","0","10","0",,"12819",,"1",,,"0","2","0","1000","0","0","0",,"0"
"25","42","12","13979","1007006","2","基本单位单价","基本單位單價","U/P (BUoM)","FPrice","FPrice","PORFQEntry",,"42","0","12","-1","true","false","2","FAuxPrice","0","0",,,,,,,"1",,,"106","4","13","13",,,,"false",,"PRICE","0","0","350","840","1,13","25","-1","false","13","10","0",,"8208",,"18",,,"0","2","0","0","0","0","0",,"0"
"16","55","2047","22813","1007006","2","公司指导价(扣除质保金)","公司单价","公司单价","FPrice1","FCompanyPrice","PORFQEntry",,"55","2","2047","0","true","false","2","FUnitID","0","0",,,,,,,"1",,,"106","4","28","13",,,,"true",,"PRICE","0","0","350","975","1,13","16","-1","false","28","10","0",,"25105",,"0",,,"0","2","0","0","0","0","0",,"0"
"75","107","782","14009","1007006","2","更新价格标志","更新價格標誌","Update Price Sign","FPriceUpdated","FPriceUpdated","PORFQEntry",,"107","0","782","0","true","false","8",,"0","0","VALUELIST{1=Y}",,,,,,"1",,,"48","500","1","1",,,,"false",,,"120","1695","350","660","5","75","-1","false","3","0","0",,"8242",,"9",,,"0","2","0","0","0","0","0",,"0"
"34","34","831","14697","1007006","1","打印次数","列印次數","Print Times","FPrintCount","FPrintCount","PORFQ",,"34","2","831","0","true","true","3",,"0","0","Min=0",,,,,,"1",,,"56","10","30","4",,"0",,"false",,"PRINTCOUNT","472","15","480","2025","1","34","-1","false","0","0","0",,"8192",,"20",,,"0","2","0","0","0","0","0",,"0"
"24","62","12","13978","1007006","2","基本单位数量","基本單位數量","Qty (BUoM)","FQty","FQty","PORFQEntry",,"62","0","12","-1","false","false","2","FAuxQty","0","0",,,,,,,"1",,,"106","2","13","13",,,,"false",,"QTY","0","0","350","810","1,13","24","-1","true","13","10","0",,"8208",,"17",,,"0","2","0","0","0","0","0",,"0"
"37","43","12","13980","1007006","2","基本单位数量段(从)","基本單位數量段(從)","Qty Segment in BUoM (from)","FQtyFrom","FQtyFrom","PORFQEntry",,"43","0","12","-1","false","false","2","FAuxQtyFrom","0","0",,,,,,,"1",,,"106","2","13","13",,,,"false",,"QTY","0","0","350","1260","1,13","37","-1","true","13","10","0",,"8208",,"17",,,"0","2","0","0","0","0","0",,"0"
"38","118","12","13982","1007006","2","基本单位数量段(到)","基本單位數量段(到)","Qty Segment in BUoM (to)","FQtyTo","FQtyTo","PORFQEntry",,"118","0","12","-1","false","false","2","FAuxQtyTo","0","0",,,,,,,"1",,,"106","2","13","13",,,,"false",,"QTY","0","0","350","1005","1,13","38","-1","true","13","10","0",,"8208",,"17",,,"0","2","0","0","0","0","0",,"0"
"67","99","12","14001","1007006","2","自定义不计入成本费用1","自定義不計入成本費用1","Custom Expense not Included in Cost 1","FSelfDefinePrice1","FSelfDefinePrice1","PORFQEntry",,"99","0","12","0","true","false","2","FUnitID","0","0",,,,,,,"1",,,"106","4","9","13",,,,"false",,"PRICE","0","0","350","1050","1,13","67","20","false","9","2","0",,"12306",,"0",,,"0","2","0","0","0","0","0",,"0"
"68","100","12","14002","1007006","2","自定义不计入成本费用2","自定義不計入成本費用2","Custom Expense not Included in Cost 2","FSelfDefinePrice2","FSelfDefinePrice2","PORFQEntry",,"100","0","12","0","true","false","2","FUnitID","0","0",,,,,,,"1",,,"106","4","9","13",,,,"false",,"PRICE","0","0","350","1050","1,13","68","20","false","9","2","0",,"12306",,"0",,,"0","2","0","0","0","0","0",,"0"
"69","101","12","14003","1007006","2","自定义不计入成本费用3","自定義不計入成本費用3","Custom Expense not Included in Cost 3","FSelfDefinePrice3","FSelfDefinePrice3","PORFQEntry",,"101","0","12","0","true","false","2","FUnitID","0","0",,,,,,,"1",,,"106","4","9","13",,,,"false",,"PRICE","0","0","350","1050","1,13","69","20","false","9","2","0",,"12306",,"0",,,"0","2","0","0","0","0","0",,"0"
"70","102","12","14004","1007006","2","自定义不计入成本费用4","自定義不計入成本費用4","Custom Expense not Included in Cost 4","FSelfDefinePrice4","FSelfDefinePrice4","PORFQEntry",,"102","0","12","0","true","false","2","FUnitID","0","0",,,,,,,"1",,,"106","4","9","13",,,,"false",,"PRICE","0","0","350","1080","1,13","70","20","false","9","2","0",,"12306",,"0",,,"0","2","0","0","0","0","0",,"0"
"3","3","253","13955","1007006","1","源单编号","源單編號","Source Doc No.","FSourceBillNo","FSourceBillNo","PORFQ",,"3","2","253","0","false","false","1",,"0","0",,,,,,,"1",,,"231","500","50","50",,,,"false",,,"2639","1014","375","2145","-1","3","16","false","0","0","0",,"12288",,"16",,,"0","2","0","1000","0","0","0",,"0"
"2","2","253","13954","1007006","1","源单类型","源單類型","Source Doc Type","FSourceBillType","FSourceBillType","PORFQ",,"2","2","253","0","false","false","8",,"0","0",,,,,,,"1",,,"231","500","255","255",,,,"false",,,"2639","615","375","2145","-1","2","16","false","0","0","0",,"12288",,"15",,,"0","2","0","1000","0","0","0",,"0"
"38","38","1806","13964","1007006","1","审核标志","審核標誌","Approval Flag","FStatus","FStatus","PORFQ",,"38","2","1806","0","true","false","8",,"0","0","VALUELIST{1=Y}",,,,,,"1",,,"52","500","2","2",,,,"false",,,"105","0","375","100","5","38","-1","false","5","0","0",,"8226",,"9",,,"0","2","0","1000","0","0","0",,"0"
"21","60","3071","13993","1007006","2","税额","稅額","Tax Amount","FTaxAmount","FTaxAmount","PORFQEntry",,"60","0","3071","0","true","false","2","FCurrencyID","0","0",,,,,,,"1",,,"106","6","13","13",,,,"false",,"AMOUNT","0","0","350","930","1,13","21","-1","true","13","2","0",,"8208",,"0",,,"0","2","0","0","0","0","0",,"0"
"5","41","2047","22575","1007006","2","客户对应物料代码","客户对应物料代码","FCusItemID","FText","FCusItemID","PORFQEntry",,"41","2","2047","0","true","false","1",,"0","0",,,,,"FName",,"1",,,"231","500","100","100",,"-",,"true",,,"0","0","350","1245","0,13","5","24","false","0","0","0",,"24595",,"0",,,"0","2","0","0","0","0","0",,"0"
"6","45","2047","22576","1007006","2","客户对应物料名称","客户对应物料名称","FCusItemName","FText1","FCusItemName","PORFQEntry",,"45","2","2047","0","true","true","1",,"0","0",,,,,"FName",,"1",,,"231","500","255","255",,"-",,"true",,,"0","0","350","1275","0,13","6","24","false","0","0","0",,"24595",,"0",,,"0","2","0","0","0","0","0",,"0"
"40","37","12","13967","1007006","1","业务代码","業務代碼","Business Code","FTranType","FTranType","PORFQ",,"37","2","12","0","true","false","3",,"0","0",,,,,,,"1",,,"56","500","255","4",,"84",,"false",,,"120","60","285","100","1,13","40","20","false","0","10","0",,"12306",,"0",,,"0","2","0","0","0","0","0",,"0"
"13","52","4095","13981","1007006","2","单位","單位","Unit of Measure (UoM)","FUnitID","FUnitID","PORFQEntry",,"52","0","4095","0","true","true","1","FItemNumber.FUnitGroupID","6","7",,"FItemID","t_Measureunit",,"FName","FNumber","1",,"0","56","500","255","4",,,"UnitExchange{FAuxQty,FAuxPrice,FAuxPriceIncludeTax,FAuxQtyFrom,FAuxQtyTo}","false",,,"5158","7738","346","690","0","13","20","false","0","10","0",,"13843",,"1",,,"0","2","0","0","0","0","0",,"0"
"4","4","3071","14685","1007006","1","版本号   ","版本號","Version No.","FVersionNo","FVersionNo","PORFQ",,"4","2","3071","0","true","true","1",,"0","0",,,,,"FName",,"1",,,"231","500","20","20",,"000",,"false",,,"5173","615","375","2145","0,13","4","-1","false","0","0","0",,"8211",,"0",,,"0","2","0","1000","0","0","0",,"0"

